conN,conVar,Subject
0.48,0.06844444444444445,1
0.5291893075190485,0.15313417059365256,1
0.5703215671449144,0.2047718557266541,1
0.4974133958648789,0.3096338271413943,1
0.50816616565993,0.2692126013032176,1
0.5159501490768978,0.23093804787650984,1
0.5520837902739673,0.2570177206953466,1
0.5621829743452247,0.22581254469879203,1
0.5243447162084536,0.2563265520325758,1
0.4406302843010306,0.3724901054409066,1
0.3485753147630048,0.48210202342877684,1
0.35946937861553224,0.40746974644807643,1
0.48,0.06844444444444445,2
0.5243646037740379,0.1434847631036314,2
0.5512481884232933,0.16855497978141581,2
0.5939293575823794,0.22020632214330504,2
0.6167973663750974,0.2219010753000801,2
0.6008884587124923,0.20933867556527436,2
0.5436000244549036,0.28204780896739684,2
0.4563292319645205,0.40017983215468367,2
0.47756721839006555,0.362619838574837,2
0.46396601929843484,0.31729826904313096,2
0.4727116752915052,0.27132992722064553,2
0.4317130144490016,0.2990612634615236,2
0.3884310049562002,0.3258130297548218,2
0.4133494476243295,0.31048730914011613,2
0.5401890730090348,0.5020690980815037,2
0.48,0.06844444444444445,3
0.5246688526459546,0.1440932608474648,3
0.523466676637167,0.11767896069554731,3
0.5154590431394852,0.11015843555180127,3
0.5408242007134026,0.13885706358927585,3
0.49426915490929535,0.20419574247963534,3
0.47386435474509286,0.2041661943121132,3
0.4911111077438703,0.19782646144724536,3
0.4210794343904603,0.2983245158646163,3
0.41595370962823425,0.2489110622161451,3
0.44101577221186034,0.2492529749401683,3
0.45023691574916963,0.21784466702675323,3
0.4628899208264074,0.19958174377587817,3
0.48923069882907266,0.21234695102603313,3
0.49084329407107696,0.1731027513048351,3
0.48,0.06844444444444445,4
0.5273235255139707,0.14940260658349694,4
0.5657590719622692,0.19639317816339452,4
0.5687163970207215,0.1630291926476203,4
0.5843280152235437,0.16164659052374053,4
0.5098050677396943,0.2783631673866913,4
0.5505967323783647,0.3042738631866939,4
0.557286636930774,0.2567988996541736,4
0.5735655669343337,0.23799697973045825,4
0.6433673017571931,0.33000105343008546,4
0.7538675931640337,0.4850014255577495,4
0.786542635912209,0.45335122594254995,4
0.7660207314251497,0.4037247897281585,4
0.6776416683307572,0.4997379579713117,4
0.7097750874759778,0.4640572046674905,4
0.48,0.06844444444444445,5
0.5232830529211004,0.14132166139775648,5
0.4476280487642031,0.2643673374319999,5
0.4510485699263032,0.21833491226980023,5
0.47487263128080615,0.2223160525248461,5
0.4859549714157169,0.20001752228969838,5
0.4673618692099222,0.1972002222433482,5
0.4841896281926597,0.19141569576015366,5
0.40746740752575206,0.30657699794193816,5
0.4284433764751296,0.28721353625230556,5
0.4463997050569136,0.26568348616541254,5
0.46664895576191506,0.25304529034233286,5
0.5582606427476235,0.38565960624528334,5
0.5824632804313142,0.3569329603636081,5
0.5629754147330348,0.3245220996874453,5
0.48,0.06844444444444445,6
0.5311566916213829,0.15706893879832146,6
0.44781706427943724,0.29233440572254854,6
0.45299492149255577,0.24422323900427595,6
0.4633458585794626,0.21608046537723435,6
0.4212238897566185,0.2571083099474757,6
0.38115997047605504,0.28581448651910746,6
0.4052511775035995,0.27683400327037494,6
0.3854276211716652,0.26111431528016865,6
0.4747990423590621,0.3876342945989288,6
0.4986182118393795,0.3577457746397778,6
0.4438130740966729,0.39580689519723533,6
0.3732825946960136,0.45770647495910693,6
0.28627578659263103,0.5401787961740507,6
0.3422934201811644,0.5441783041163073,6
0.48,0.06844444444444445,7
0.5480709764188727,0.19089750839330089,7
0.5025307198790041,0.24379851979437783,7
0.4553926287880507,0.2893149980174091,7
0.4718179017958407,0.2643025444295073,7
0.5434373926490148,0.354681017249954,7
0.5843838294256811,0.3656376873532957,7
0.6058577334330671,0.3354579578974086,7
0.5774479396125163,0.32518595395902866,7
0.5779196834748537,0.26109225089189764,7
0.6042781528618085,0.2615907394874278,7
0.544126802721937,0.32957529186968515,7
0.5472168461327521,0.2698403203173783,7
0.5532667458739993,0.22797205573639695,7
0.45307045500898274,0.3827702263191506,7
0.48,0.06844444444444445,8
0.540694565382671,0.17614468632089755,8
0.4812430423983968,0.2598187950252664,8
0.5439987110855679,0.3333663733945552,8
0.5446027854611046,0.26790124746671773,8
0.5876605849364005,0.300436596923966,8
0.5229688606825663,0.36973272604684115,8
0.5480947512520065,0.3460379619763533,8
0.5491783620947116,0.2789975912664928,8
0.568665521197578,0.26217239121892694,8
0.5693012541333441,0.21100937884667376,8
0.5954812208515498,0.22116743651375037,8
0.6233420147683463,0.23265553704459327,8
0.6453812011321945,0.23020280236337115,8
0.7325176550436445,0.35843514971359697,8
0.48,0.06844444444444445,9
0.5322916590636064,0.1593388736827684,9
0.49063255894564667,0.21078929918213418,9
0.46013438659640005,0.22962778404420056,9
0.47794640173987946,0.2193262575223193,9
0.47850379197972615,0.17657578649754882,9
0.43730680915104536,0.22365459485540065,9
0.4502036400113638,0.20471733760495736,9
0.45538088523837794,0.1741283605379942,9
0.3857108619562034,0.27864273499474435,9
0.4045596390762576,0.2606117422359039,9
0.4770534523059466,0.35347702024810107,9
0.4804268049607194,0.28952832150802643,9
0.499635765844211,0.2700405789734044,9
0.5262325589201511,0.26922604933060373,9
0.48,0.06844444444444445,10
0.5326498390586744,0.16005523367290433,10
0.5273810820483521,0.13858170095896796,10
0.5727894885520393,0.2016821737745486,10
0.5865549185033622,0.18887659892228467,10
0.5708662535549857,0.1824786090345808,10
0.5954359530174586,0.19512228615261037,10
0.6202266162068208,0.20567915530081288,10
0.5467724993687519,0.3114515579167882,10
0.4686291055801229,0.4054480339106886,10
0.47651993816106053,0.34014009229042613,10
0.5107171521347624,0.34050650177974473,10
0.534641324183449,0.32025354552116886,10
0.558778174738474,0.30447653752698506,10
0.5967175920087439,0.3194600645621277,10
0.48,0.06844444444444445,11
0.5257087842403703,0.14617312403629623,11
0.5201105216921864,0.12813502432540463,11
0.47408117803058836,0.19456670678351976,11
0.49408425622968977,0.19565952182501864,11
0.5335852654051066,0.2355296358108486,11
0.46724179031190205,0.3211106588350881,11
0.4778722438711353,0.278149434186537,11
0.5234005993927697,0.3135762583924985,11
0.5379573253723502,0.2799744586731597,11
0.5633004640167073,0.27466584422724205,11
0.5649833293273708,0.2230984060031206,11
0.48325898800629064,0.3419274074446569,11
0.4986235345366029,0.30427101901635006,11
0.5629940936753051,0.3721579334904843,11
0.48,0.06844444444444445,12
0.5220036427047486,0.13876284096505287,12
0.5086777835706796,0.13766199104018045,12
0.4658768113087174,0.19573153735606885,12
0.4920102788962555,0.20885216505993123,12
0.4884228999707095,0.17425648989903703,12
0.48863005869095816,0.13981950935972692,12
0.5144924919776404,0.163580474061146,12
0.5182596604651821,0.1383987162240004,12
0.4664859429807538,0.21426640794805696,12
0.4921154071256739,0.2226720546482858,12
0.41801616564574656,0.32633612667848333,12
0.5524426743041323,0.5299219186595582,12
0.5638118013956415,0.4466757891106648,12
0.5473562440839121,0.3902517459119904,12
0.48,0.06844444444444445,13
0.5266065316099713,0.14796861877549813,13
0.49200243214573824,0.18758309394886463,13
0.4290603735765094,0.27595059229754937,13
0.4483277036750304,0.25929513403508153,13
0.46078953809710954,0.23235977607222352,13
0.49789890630451067,0.26010655727258103,13
0.5155909396149317,0.24346931243890707,13
0.48607213670436633,0.25381305577225655,13
0.4306532892354619,0.313888139555614,13
0.4428188451711073,0.27544162351578194,13
0.4641778477684428,0.2630713040072965,13
0.48,0.06844444444444445,14
0.5295176729206649,0.15379090139688534,14
0.5082953909020058,0.1654772851548265,14
0.5423960602839415,0.20058316688773248,14
0.5673725119543338,0.21041943685097067,14
0.6056541779033671,0.24489888137884314,14
0.5588797358103401,0.2894679892891284,14
0.5843119140556305,0.2824387479218836,14
0.5133949941698986,0.36778483810897067,14
0.49279444827177643,0.33542896228342095,14
0.5143512322981487,0.3114567378794814,14
0.44639755277278825,0.385072749354306,14
0.469591051473058,0.35444519688398435,14
0.4944708989476541,0.3333158524563797,14
0.5342298211996713,0.34617052646913826,14
0.48,0.06844444444444445,15
0.5309734721989009,0.1567024999533575,15
0.5236375284695984,0.14003388742129103,15
0.5694946664430177,0.20374138588387142,15
0.5932702453695061,0.21054426656007388,15
0.5617303001207563,0.23151530374555865,15
0.5295597870231957,0.2495532691915681,15
0.553364890503052,0.24725282231296714,15
0.5421209988758944,0.22029004110468894,15
0.48728597621796554,0.2859020781996089,15
0.513108496288005,0.28036670269976616,15
0.4899088805289928,0.27069259367783743,15
0.5474555635412476,0.3316474409667795,15
0.5680613785012434,0.3065295826934151,15
0.6354293964318078,0.37995970201586104,15
0.48,0.06844444444444445,16
0.5308705923947598,0.15649674034507502,16
0.5200430093278511,0.14685255840987732,16
0.45115148464765964,0.2552650960882848,16
0.4730645489669036,0.24803820550911568,16
0.4721755513326492,0.20020855967580126,16
0.42728245483325933,0.24995304073942073,16
0.45324579582850055,0.251889114582019,16
0.4827818317444983,0.2605833634976107,16
0.5174882356489937,0.27787949860707933,16
0.4259650891235912,0.40534989193646853,16
0.3825735095680954,0.4110630726601665,16
0.42868953625380224,0.42108251149954695,16
0.45344470178055446,0.386376340253142,16
0.4855585088658484,0.37332868637310146,16
0.48,0.06844444444444445,17
0.5273863980886454,0.14952835173284637,17
0.5106622493742311,0.15307097881510565,17
0.4920498297093349,0.15968162238187686,17
0.5170629946581392,0.17777162780311007,17
0.4456898012891591,0.28496368898044827,17
0.3747895882561648,0.36977137725034714,17
0.39098511430686655,0.3282081539016812,17
0.4837280626622111,0.448052419832034,17
0.3930356773645658,0.5398267064609177,17
0.39568160780063477,0.4371532260408721,17
0.36423436354442806,0.41261706934511105,17
0.4246935082148246,0.45101194481688195,17
0.45052799798599213,0.4124785353958406,17
0.5457738830967164,0.520474598538121,17
0.48,0.06844444444444445,18
0.5288144884774115,0.15238453251037853,18
0.5667395346782961,0.19775771841007198,18
0.5082640251321917,0.2751571938202664,18
0.5181918336893739,0.23998137217057747,18
0.48142953041240255,0.2655097042904047,18
0.47831754696491036,0.21863173032730815,18
0.3810858156614515,0.36936884686876426,18
0.3488856746792893,0.3598953594593358,18
0.3147829703655671,0.3561216961949131,18
0.3376808300909283,0.3306930764066528,18
0.28605657648128285,0.3678029683446131,18
0.3502799725272328,0.4226891667675904,18
0.35899703278232103,0.3555854539242488,18
0.32893685691299995,0.3445887148780412,18
0.48,0.06844444444444445,19
0.5400115046960254,0.17477856494760652,19
0.5448288842516663,0.14945761106936695,19
0.46819932663806957,0.272825204082687,19
0.48965559106560813,0.26117269212122673,19
0.4332106302019983,0.3218280754242011,19
0.408878764222498,0.30612619229836147,19
0.4342566003471581,0.2956566260880093,19
0.4401776677807838,0.2483674357376589,19
0.4734082996136178,0.26515521225579514,19
0.3817131354492221,0.3955144981334275,19
0.32212173603207156,0.435594397341043,19
0.39674300258529427,0.49771805097927974,19
0.3076549048518951,0.5763506362502221,19
0.30289062384072263,0.4706090710225227,19
0.48,0.06844444444444445,20
0.5260653493033505,0.14688625416225645,20
0.5677613973794041,0.20090109948191237,20
0.5847990661865745,0.19479621719987056,20
0.5902613234204501,0.16676148822764764,20
0.5372757697860617,0.23938029785089487,20
0.5934124342409466,0.30377756719048565,20
0.6197684089150414,0.29573400310057807,20
0.5569413262002547,0.3622413679100358,20
0.5646275503577507,0.3051655426430206,20
0.5850445691738188,0.2849664717465526,20
0.626285675271745,0.3104553895930944,20
0.6328633323114197,0.26151962575382487,20
0.6581043330416513,0.2596977020635232,20
0.6212038427475852,0.28155914223895073,20
0.48,0.06844444444444445,21
0.5246773669652647,0.14411028948608484,21
0.5230886013951741,0.11846576272904899,21
0.5063844298486987,0.12818095327619008,21
0.5300265421045132,0.14982898713258108,21
0.49835996655709924,0.1831963408008927,21
0.42062939359789026,0.30201821855913213,21
0.44699174039381206,0.29433926843914937,21
0.49090539889840357,0.32329873176050256,21
0.4179309177612998,0.4045879476826096,21
0.43683895627682645,0.36148643517714096,21
0.42441353959935957,0.3140399814966465,21
0.42501601577836784,0.2524369375553338,21
0.4452430185750435,0.24240355563761842,21
0.4435990191858113,0.19721084328855912,21
0.48,0.06844444444444445,22
0.5335794026654073,0.1619143608863701,22
0.5186472158466979,0.1593958623465148,22
0.5344704224354647,0.1591631030547454,22
0.5602898099694518,0.17896925751177048,22
0.5680781578453433,0.15875210176119942,22
0.6078471343840971,0.206539634486467,22
0.6317943126428661,0.21312606410671162,22
0.6543291010096166,0.21557042801887033,22
0.5914799595852713,0.29815462526378683,22
0.613000909933645,0.2815656009077767,22
0.6660912000166382,0.3314330608922079,22
0.5946670595285412,0.4079947296899604,22
0.5076484760307745,0.5004329507475017,22
0.3808844600479208,0.6538743925637086,22
0.48,0.06844444444444445,23
0.529577407265762,0.15391037008707964,23
0.5528972993696136,0.16976808027736703,23
0.5497467287008881,0.1421156055593447,23
0.5663313044741248,0.14686163599394902,23
0.5129352229855458,0.22428147177231716,23
0.48003064893539765,0.24523432551815014,23
0.38234504207565145,0.39155867413401246,23
0.38162782390338673,0.31468137565173937,23
0.34250189120385005,0.3299969659204649,23
0.36514294645255474,0.3092796832337813,23
0.30509498808366553,0.36751966332480346,23
0.3244596304118119,0.3327450153161356,23
0.3477091318347649,0.31269501509881437,23
0.40887144203835624,0.37248063248623425,23
0.48,0.06844444444444445,24
0.5236616427638924,0.14207884108334046,24
0.5005588399531127,0.15986867848823177,24
0.5544938865774545,0.23576503603926904,24
0.570954405145967,0.2215330659684403,24
0.5414096020805415,0.23631605890560317,24
0.5469667646074771,0.20016717217835375,24
0.5681229029343404,0.20244601439640983,24
0.6003172283477619,0.22634546234397082,24
0.5319189025972364,0.31787302137622764,24
0.5546793922753683,0.2998193964572459,24
0.5130176720938763,0.3231789575287809,24
0.549973626420555,0.33245507467638225,24
0.565402028341633,0.29682086358326176,24
0.47891501512165435,0.41043071730656666,24
0.48,0.06844444444444445,25
0.5292189300603709,0.1531934156762974,25
0.4750256358468934,0.23094132096799297,25
0.42824680345692123,0.27831072155433867,25
0.45062814548349167,0.26741126129661186,25
0.36686919537632456,0.38144690925162367,25
0.44303657105388383,0.4574922787564175,25
0.35597550879967294,0.5401159475135558,25
0.40362894755061324,0.5273996355127253,25
0.4417278656196989,0.4981175445483516,25
0.4626262669082009,0.4402908382156853,25
0.41223477039860634,0.4530156635917374,25
0.48,0.06844444444444445,26
0.524068539760443,0.1428926350764416,26
0.4904827517142331,0.181485684153573,26
0.43704363915782646,0.25206677243567166,26
0.45906912171013414,0.2457043830531527,26
0.38389649687845867,0.34690875610587313,26
0.4458159400735826,0.4013658912749463,26
0.46659127451460103,0.36264338190199397,26
0.36846052763531956,0.4863761992801582,26
0.41243899977651294,0.47705790370651324,26
0.4241041696045859,0.40497666262135656,26
0.3876359025782217,0.3969178641498136,26
0.48,0.06844444444444445,27
0.5264320317143841,0.1476196189843238,27
0.5416130406406686,0.148457713040028,27
0.5230045988092442,0.15598305409487123,27
0.5463437932336775,0.17146483212476374,27
0.49990367264489094,0.2300521068773842,27
0.5369659402096367,0.25816622063139893,27
0.5590424215365343,0.25068593915891413,27
0.49788754600408996,0.3228585023920199,27
0.4776951960105302,0.2986715019007355,27
0.493076072651506,0.26969895480253997,27
0.5257272813108195,0.2810615811606589,27
0.46204109851082337,0.3522216305285193,27
0.48840344949290293,0.3345020063869745,27
0.4837744142813145,0.2768596755327564,27
0.48,0.06844444444444445,28
0.5230400193487047,0.14083559425296494,28
0.569804067654778,0.2061965720145186,28
0.5504493888324231,0.20366661525632462,28
0.5667827490495222,0.1956000126392579,28
0.5823918091406812,0.18769813029372445,28
0.5863698786351697,0.15811464322395632,28
0.611642892691402,0.17703774269162983,28
0.6353358371380264,0.1890160830465527,28
0.6138978419717833,0.19408885676972848,28
0.6171613883713974,0.1617981782150111,28
0.6047161070768085,0.15432910516118697,28
0.5776851888256713,0.17752512063122394,28
0.5958877125080765,0.1784251438697895,28
0.6034339278657107,0.15783254581109996,28
0.48,0.06844444444444445,29
0.5376032346971078,0.1699620249497713,29
0.5217921123129885,0.1675918647280556,29
0.4994030388473567,0.17885163871370804,29
0.5160271183286659,0.17632946993358484,29
0.5751253096795914,0.259259958648719,29
0.564691770707699,0.22827504486276,29
0.5689626931848036,0.1911618808444172,29
0.5120735517025724,0.2667077876399962,29
0.49893845876860093,0.23963641597993984,29
0.5209870294205837,0.23580627408791738,29
0.4642536244549852,0.30211182920153096,29
0.4464905676606963,0.27721557694980264,29
0.46678875477158394,0.26236883578161746,29
0.45713500450647354,0.22920256915551476,29
0.48,0.06844444444444445,30
0.5344464250600635,0.16364840567568242,30
0.5168805002411223,0.16605057417842825,30
0.454898021189384,0.2568054174462192,30
0.4779369171077146,0.25152212579363653,30
0.5077044482956898,0.2607527630108598,30
0.5098662089684904,0.21292573175428903,30
0.5140921622676812,0.1787924920018127,30
0.5693338632607434,0.25351739558757475,30
0.5298143338109436,0.2818529753696595,30
0.5549796600174379,0.27581303270871627,30
0.5210422062572371,0.28852533368737476,30
0.48,0.06844444444444445,31
0.5372757114259489,0.16930697840745332,31
0.48027494399485693,0.24944711758814656,31
0.4734036234323407,0.2133003351955497,31
0.48481009366888844,0.1934532086295352,31
0.4921904674095201,0.1695233143848915,31
0.4794314943574639,0.16113659761202553,31
0.5057769126163073,0.18160011460730732,31
0.4496374851243512,0.257558946669758,31
0.3923328224050112,0.32065648277448633,31
0.5026970244264738,0.4772535902625141,31
0.47352724794788564,0.4401424251671876,31
0.4764786536545768,0.3580167515471325,31
0.5023406745125805,0.33813744295371334,31
0.47149211737845104,0.33220706863122956,31
0.48,0.06844444444444445,32
0.5304011254823902,0.15555780652033588,32
0.6044989516099107,0.2726418974713098,32
0.5922396364961222,0.24263214820462484,32
0.6183769873617513,0.24638042029495802,32
0.5616322504594103,0.31059381004064823,32
0.510304362180374,0.3511308245905912,32
0.5342547785634324,0.3288054924385897,32
0.6386539096639311,0.47184265615186916,32
0.5679738860859954,0.5188341720773668,32
0.4719146321664447,0.607185845500995,32
0.5165833651298924,0.5750861423276915,32
0.45820561403083543,0.5768244160602672,32
0.48383068186167044,0.5127096685098839,32
0.45992558222321334,0.45797793408482135,32
0.48,0.06844444444444445,33
0.528618313222038,0.1519921819996316,33
0.4749412765272112,0.22894781898935893,33
0.45161562267732647,0.22980956289125654,33
0.47786037337736287,0.23633715171307798,33
0.49982525836404357,0.23299949134382375,33
0.5682140068859672,0.3231770901189064,33
0.5928087603790677,0.30773117908132597,33
0.5149076826835306,0.401987098656135,33
0.5417049214636523,0.3751841564851516,33
0.5461986409024564,0.3091347640657295,33
0.52951576313171,0.28067356679407635,33
0.46280683083473556,0.3579567180292099,33
0.4862022159633586,0.33315614468061405,33
0.4415018914406812,0.355925564789846,33
0.48,0.06844444444444445,34
0.5382143078718838,0.17118417129932337,34
0.4827283431204221,0.24791926654238214,34
0.4863052694863335,0.20548926596572845,34
0.5124709153998193,0.21672270459955414,34
0.570836715860992,0.29010976460198884,34
0.6236610490917456,0.33773647814309826,34
0.5338507373138637,0.4498098060702424,34
0.5909661926002638,0.4740787554289942,34
0.5657266914341555,0.429742006675412,34
0.5802092909215918,0.37275880431520214,34
0.5355246086160294,0.3875764080632867,34
0.47789425935537294,0.4253218249719422,34
0.5036478293621197,0.39176459999104735,34
0.42512351302613377,0.4704603126648098,34
0.48,0.06844444444444445,35
0.5204340285588797,0.13562361267331502,35
0.5716535713026952,0.21093797562628316,35
0.543499450841969,0.22505862142247898,35
0.5656738281090435,0.2243956516721322,35
0.6293255410721007,0.30681994726382017,35
0.5582340215481748,0.38763899685890785,35
0.6598832936277285,0.5134097416462335,35
0.620301628326174,0.48989112392009593,35
0.5837705527840731,0.4649750502202784,35
0.6046314099022106,0.4137017544124978,35
0.5153369266045448,0.5095503701253299,35
0.48,0.06844444444444445,36
0.5297356655165145,0.15422688658858463,36
0.5311260624423374,0.12616230312251353,36
0.5234443713249809,0.11629322473272388,36
0.5413423762618901,0.12883058965999758,36
0.5993609703005383,0.21910165980529436,36
0.564007173020306,0.2459889224047,36
0.5890413511298734,0.2468594941428948,36
0.5720361057027208,0.23149808616862114,36
0.5086838570053884,0.3119029663295617,36
0.5277378752208486,0.2876304094945697,36
0.5752629240172303,0.3251544251884193,36
0.5180025006383376,0.37464438690852087,36
0.5389853880429791,0.3416812843360996,36
0.5506799028138308,0.29673405701058303,36
0.48,0.06844444444444445,37
0.5290897012221845,0.15293495799992463,37
0.5681753352274042,0.20051923441037914,37
0.4945815980248358,0.30760286193344,37
0.5208604832200596,0.2986400599371996,37
0.45308912564292164,0.3744547631040356,37
0.5047234778441817,0.4028325148857485,37
0.5242010666513518,0.3612211895229391,37
0.4880322983431116,0.3613144882348316,37
0.3766003292006623,0.5119155288727639,37
0.40254202597373107,0.4614158166443487,37
0.44160290248130096,0.44725440633061875,37
0.44216280633306765,0.35892333276802835,37
0.4647551918816017,0.3323234373114907,37
0.5236949624711679,0.38373829102832496,37
0.48,0.06844444444444445,38
0.5237063470423229,0.14216824964020147,38
0.46430482306457044,0.23253764766766605,38
0.4025778963203548,0.3094839716225641,38
0.41094215387818145,0.2643156924137046,38
0.4601929524389004,0.3099541510524016,38
0.3656412607180547,0.4370667042836127,38
0.3735741604579493,0.36551916290667935,38
0.4352909354676746,0.41584888034479417,38
0.5240535256965358,0.5102042847335577,38
0.540516041350246,0.4410884590942665,38
0.5423429463106985,0.3565245771963182,38
0.5478131814436301,0.2961601320229178,38
0.5692792314241845,0.2798602055794429,38
0.547731042505413,0.26698454230109725,38
0.48,0.06844444444444445,39
0.5375121160678604,0.16977978769127638,39
0.5204901717046576,0.16986771887942673,39
0.4384989394016213,0.299876639709614,39
0.45718072213821326,0.277264877240875,39
0.44541475080771087,0.24534384445370477,39
0.47546220331875205,0.25636998058504623,39
0.4900441040765296,0.23425978598359212,39
0.4848444218344921,0.19780719327094867,39
0.44189943208959426,0.24413573410655462,39
0.5582924170532761,0.42809455721260736,39
0.5342963681101124,0.39046774365641335,39
0.5283358157977288,0.3242952995498979,39
0.43762424885048934,0.4408593735343972,39
0.4540229506270579,0.3854849023806548,39
0.48,0.06844444444444445,40
0.5234176560316979,0.1415908676189514,40
0.5952133886334617,0.2568641592986888,40
0.6013784454939306,0.21782144115988872,40
0.6246907004029845,0.22088166274601867,40
0.5746494225644659,0.27678788587385195,40
0.49743031011940575,0.37586853358920197,40
0.5209229520808445,0.34768011079423905,40
0.4420308856444816,0.43592822150811694,40
0.4204335928929774,0.3919371627095021,40
0.44594685588046973,0.3645762561425864,40
0.5303651283212993,0.46049754979572827,40
0.5602317056457515,0.4281311944854871,40
0.5799427382361456,0.38192702076917784,40
0.5844439472742385,0.31454403469152814,40
0.48,0.06844444444444445,41
0.5249587069077961,0.1446729693711479,41
0.5262139931789797,0.11824894803928546,41
0.4811673517477819,0.1846924412938239,41
0.49747318983446454,0.18036562920842442,41
0.45854697750059237,0.2221449280344839,41
0.48745272908179155,0.23552744558998545,41
0.5052268384706268,0.22397017524965873,41
0.6085423145510953,0.385807092360664,41
0.5941867502174534,0.33735680255581496,41
0.61973922577077,0.3209903931512852,41
0.5267772500865326,0.4427162658895029,41
0.48,0.06844444444444445,42
0.5395382312355669,0.1738320180266893,42
0.47899436737269374,0.26015334214709773,42
0.4841954746550434,0.21852488828237748,42
0.5097673443703893,0.2259636500565937,42
0.4904470522989361,0.2194115041881813,42
0.4996181812285414,0.19387146120975562,42
0.5229449339764484,0.20175067446361852,42
0.5119097659487848,0.18347087562622186,42
0.5572880046687435,0.23753317794089485,42
0.5836442055374421,0.24273894409011315,42
0.5131602951307934,0.33515897608538786,42
0.5938412117499772,0.42948901410667767,42
0.6189960286500389,0.3939008450854656,42
0.650228470097869,0.3775855589640328,42
0.48,0.06844444444444445,43
0.5260801762210231,0.14691590799760174,43
0.46777334791613673,0.23414638300785412,43
0.4114574364995379,0.2999489292394809,43
0.5185375030421335,0.45411927647677597,43
0.48639000348118994,0.42759042030330796,43
0.6138795634851774,0.5970514562506212,43
0.5214841641198878,0.6624319637310759,43
0.5012757850838712,0.5703623290568941,43
0.4600798499339992,0.5386817335452592,43
0.5806783419088151,0.672142370785839,43
0.4138213648253771,0.8714278507955471,43
0.5625199875621223,0.9945395261099279,43
0.8527945069651199,1.3761806596939374,43
0.7107110851617481,1.3851113713618937,43
0.48,0.06844444444444445,44
0.5347982721896767,0.16435209993490896,44
0.5924859479889097,0.2468570315463933,44
0.5362657246778948,0.30992607185914467,44
0.5626277237586157,0.3006648556487576,44
0.6037839633806007,0.322844363762976,44
0.6653781455674058,0.3814638553839911,44
0.6835357561911395,0.3414863055546602,44
0.6902775823230427,0.2866726967075346,44
0.6509283998746616,0.30803652226278994,44
0.6672408238197679,0.2790540657004446,44
0.7273325191611106,0.34342664324304123,44
0.697908370337577,0.3335896122415002,44
0.5807401402976404,0.5012081498730734,44
0.5695911550813825,0.4232644903309747,44
0.48,0.06844444444444445,45
0.5218968541592055,0.13854926387396654,45
0.47400498663653723,0.20662314614450983,45
0.458739646923078,0.19582919634252635,45
0.48358979738323166,0.20636365799432843,45
0.47605913877933537,0.1801522436032553,45
0.4417416999746842,0.21275667249190652,45
0.46450623748869324,0.21573441302154325,45
0.45159104693144453,0.19841791153173202,45
0.4686570828373561,0.1928664010372087,45
0.49500960940706623,0.20699817396918727,45
0.5110100403554704,0.19759940107215818,45
0.5959554468105177,0.32797033376782103,45
0.6008091992322628,0.272083771857747,45
0.6162563269378047,0.24856127289728147,45
0.48,0.06844444444444445,46
0.5259712080639828,0.1466979716835212,46
0.490697093627856,0.18790660621907052,46
0.4801152639896901,0.1714889442515882,46
0.5041267395690311,0.18521410655995252,46
0.5110842428845055,0.16208629187891077,46
0.439765629309432,0.2723062606532755,46
0.44905488623125794,0.23642352236627226,46
0.3836364956327396,0.3199755990900545,46
0.37056399434305826,0.2821254818514063,46
0.39327069267052267,0.27111378213605386,46
0.3401617039210594,0.32310900320776964,46
0.30973624712646775,0.3193381161553989,46
0.3360984156977132,0.3081948300668101,46
0.28522798672434,0.34829672200019446,46
0.48,0.06844444444444445,47
0.5157582006512529,0.12627195685806147,47
0.4376969149902223,0.25714013680851044,47
0.49568117043537413,0.321680620337112,47
0.5074738284360006,0.28092981227094255,47
0.5578710203407519,0.32553823362625645,47
0.5408709130838644,0.2944308014147802,47
0.54501468813532294,0.2438321912347412,47
0.6087960072251576,0.32262839116746234,47
0.5628379129936188,0.3500189013970473,47
0.5870097594415009,0.3283588140134019,47
0.5250950172927803,0.3865165355081627,47
0.5364417572498217,0.3319067083206128,47
0.5610282863130431,0.31469842478293303,47
0.48344512529922434,0.4069250618539839,47
0.48,0.06844444444444445,48
0.5323567606919094,0.15946907693937434,48
0.5232490076548378,0.1457907676256427,48
0.4610017362030695,0.24112715700405088,48
0.4852436532639904,0.24138555972508252,48
0.5416144873617005,0.3058501159754862,48
0.44322014521482583,0.4414687770741383,48
0.46560876285952046,0.39795225694869996,48
0.3981550965686667,0.45326913814066744,48
0.44370801191518505,0.45372114120557067,48
0.46304657761331136,0.4016540443607091,48
0.5517398574752306,0.49870979521240577,48
0.48,0.06844444444444445,49
0.5366018825493499,0.16795932065425553,49
0.5276218172366801,0.15232758714874414,49
0.5198519897183382,0.13740172475567916,49
0.5390259741896671,0.14826934874720113,49
0.5105644586352643,0.17553851010656646,49
0.5482101911746298,0.21572227316398393,49
0.5687509964618834,0.21365942910569444,49
0.5875256557078603,0.20847686177650937,49
0.556013326837892,0.22980614716114428,49
0.5821550390992047,0.23612834225154103,49
0.5476382975288591,0.25793615694192407,49
0.4619675400032267,0.37769044060480395,49
0.4813965436086337,0.3410103596946572,49
0.5465371415944291,0.4030894837273166,49
0.48,0.06844444444444445,50
0.5254441661969449,0.14564388794944538,50
0.4984267621729325,0.17054991840758105,50
0.4953373367849903,0.14261878550194923,50
0.5216384603499669,0.1666972755315124,50
0.5668415296974789,0.22376395912023395,50
0.5942271226446171,0.23378235319046348,50
0.6157679340904206,0.2301075054439779,50
0.5240856579786791,0.36745055657866527,50
0.5492381078024293,0.34426534491043265,50
0.5504946909964074,0.2779254423163022,50
0.578615290605983,0.278581553072193,50
0.48,0.06844444444444445,51
0.5234228311033162,0.14160121776218798,51
0.5270877799442998,0.12061087189171761,51
0.5291056374490524,0.10052441252287915,51
0.5505938269968117,0.12339590911382206,51
0.49774351883267953,0.20441734361932196,51
0.433313843457702,0.2923932256454126,51
0.4401406626857177,0.24756821897236153,51
0.48211960949679367,0.2820124688000411,51
0.4537432702015272,0.2823626536305658,51
0.4657064486862705,0.24981647987393915,51
0.4411553356259013,0.24895541001988963,51
0.48,0.06844444444444445,52
0.5339076609032339,0.16257087736202352,52
0.572747430534129,0.20773624115140893,52
0.5745035444590233,0.1697012207709158,52
0.6007363718087839,0.18822663131625378,52
0.5873594435678267,0.17733516153491763,52
0.581494159365294,0.15359869763299927,52
0.6062213037164241,0.17233324680865972,52
0.5946205623819164,0.16106808011594317,52
0.6594108521199518,0.2584350435688252,52
0.6745697695047731,0.23706586962470283,52
0.6745481044069086,0.18969602589549128,52
0.6077667908150223,0.28531944790016567,52
0.6298527369135,0.2724274505170879,52
0.6232537316375423,0.23113997096558578,52
0.48,0.06844444444444445,53
0.5239033755252748,0.14256230660610525,53
0.5217406406610459,0.11837531501334206,53
0.5310685226019197,0.11335601589242138,53
0.556821781819973,0.14219133115004376,53
0.5746628948156667,0.14943529091142246,53
0.5474157683678716,0.17404248562472813,53
0.5709424955653021,0.1862874428946433,53
0.5683527317784163,0.1542094818894863,53
0.5632658742311913,0.13354130060603892,53
0.5769506517659492,0.1342025955543468,53
0.5621444548741281,0.13697447022711956,53
0.5628657636081087,0.11102219364965679,53
0.5837707270936259,0.13062768189075985,53
0.5435907479285805,0.1848621038426986,53
0.48,0.06844444444444445,54
0.5248354395599056,0.1444264346753668,54
0.462504171833658,0.24020368319278879,54
0.42724186278453014,0.26268756465248677,54
0.453575251199914,0.26281682855275706,54
0.38968106008038456,0.33804184508126456,54
0.3640670223977662,0.3216615514302483,54
0.38917749980937344,0.30755019596741306,54
0.31586394564198367,0.39266726510871003,54
0.3336578253957471,0.34972157159449496,54
0.3448198050321732,0.30210121654844807,54
0.32963479859899175,0.27205098610512135,54
0.42119932670216764,0.4007698450904489,54
0.4466301399492859,0.3714775025665957,54
0.3579209712483026,0.47460033945524316,54
0.48,0.06844444444444445,55
0.5274512108093273,0.14965797717421025,55
0.4692121467699025,0.23620450981821778,55
0.4821642469192981,0.21486780815336531,55
0.505186565075622,0.21793888283533994,55
0.4307687849632463,0.3231866664930234,55
0.535786127879229,0.46858401902638414,55
0.5620826372100168,0.42746023388268306,55
0.5538382058966757,0.3584570497328289,55
0.47763440388988543,0.4391732437998435,55
0.5036594089430864,0.40338860514627667,55
0.4370469805300666,0.4559357409430609,55
0.5302772132970425,0.5512090582884004,55
0.5351430999168671,0.45069901987036975,55
0.5412953745427254,0.3728637651480123,55
0.48,0.06844444444444445,56
0.5335203385867066,0.16179623272896865,56
0.5086623072304637,0.17915304889566067,56
0.4770038315765739,0.20663939042430807,56
0.5032291720602362,0.21776219330677105,56
0.5146090749644578,0.19696956045386005,56
0.4672995323842406,0.25219473352352256,56
0.4936460762471324,0.25444887454460163,56
0.5247831558944756,0.26583325893036747,56
0.5082957372546791,0.2456414444238868,56
0.5290975065805426,0.23811669419083623,56
0.49845988569399563,0.2517685971257629,56
0.5725209161421067,0.3495369385968323,56
0.5854605864469715,0.3055088914871955,56
0.5328391426310282,0.3496500008216432,56
0.48,0.06844444444444445,57
0.5189104990877296,0.13257655373101485,57
0.45050542410379774,0.24287139295267557,57
0.45048370810796956,0.19434054635379677,57
0.4722945984742387,0.19909421781557568,57
0.39974745325525507,0.30436966469042787,57
0.3676064216688558,0.30777779492514074,57
0.3939557027162641,0.2989207980349292,57
0.4119085662420904,0.2750423654795959,57
0.3531884833352556,0.33747405819734627,57
0.37955092109899935,0.32270412208536453,57
0.36149546973719526,0.2942742003918998,57
0.31469333247352077,0.32902363484086883,57
0.3203962284987593,0.2746246999231722,57
0.3281842819349654,0.23527586681094995,57
0.48,0.06844444444444445,58
0.519796885590774,0.13434932673710354,58
0.42927829429708375,0.28851664397706334,58
0.4168281574746143,0.2557135888265895,58
0.4205554713639366,0.21202549883991617,58
0.37710705300474545,0.2565172357903153,58
0.36351338542900247,0.2324011237837382,58
0.3896126837665564,0.23811949570209842,58
0.4030959369683617,0.21746210296528937,58
0.4017242999805874,0.1767129563477801,58
0.4278532462650065,0.1936282576470623,58
0.4168115929141832,0.17698591281929643,58
0.48,0.06844444444444445,59
0.5193995086472095,0.13355457284997463,59
0.4730001582441895,0.1996423590860197,59
0.49706577320019496,0.20784511718082674,59
0.5057008154165862,0.1835461781774438,59
0.46299758277734204,0.23224340782044328,59
0.4555253148645105,0.2007392620820177,59
0.4789013706888171,0.20734352131422745,59
0.4379452822150263,0.24778699399896353,59
0.43958397322253917,0.20150697721419647,59
0.46590666718194906,0.213850969690177,59
0.5157045172285336,0.27067647584531074,59
0.4502268915154865,0.34749643210234277,59
0.36168120659177994,0.45508851552928736,59
0.24461535935870865,0.5982025068895724,59
0.48,0.06844444444444445,60
0.5268727448539926,0.14850104526354088,60
0.4732314584107314,0.22608340909735508,60
0.43439790646897497,0.25853383116139694,60
0.4597931151174385,0.2576174822260445,60
0.369989105201195,0.3857020056133226,60
0.2936789452718819,0.4611819243492843,60
0.309191181609084,0.3999700121538316,60
0.38496507990803175,0.47152380632096086,60
0.433528811748766,0.4743465087382372,60
0.4392238135050434,0.3908672105031446,60
0.3203212615078728,0.5504988723968569,60
0.30724570686232017,0.46655020720859086,60
0.31219642404793485,0.38314160013810206,60
0.24871063731356619,0.43348485357921895,60
0.48,0.06844444444444445,61
0.5234286726793513,0.1416129009142583,61
0.5413130577835447,0.14905909093979333,61
0.505004195438246,0.1918649974424319,61
0.5192213563534598,0.1819263197843731,61
0.5254159687882219,0.15793028069702275,61
0.5338748627773261,0.14326201253582657,61
0.5595237402726851,0.16590736501937925,61
0.5691515319428015,0.15198147535573608,61
0.49673692456800517,0.2664143950341816,61
0.5197839814082663,0.25922562970786767,61
0.6000822470752032,0.36797703510016777,61
0.6666362720157044,0.42748967796113674,61
0.689434412005209,0.38758802234791867,61
0.746314347058137,0.423830287984191,61
0.48,0.06844444444444445,62
0.5283205108775111,0.15139657731057773,62
0.46021110328999587,0.2573360770234926,62
0.46226910447739233,0.209984863993587,62
0.48795357494675384,0.21935683213359264,62
0.5076948201948769,0.21496795620312015,62
0.5026272387183982,0.18210952791545346,62
0.5286930034952615,0.1978191518860894,62
0.4904032252359026,0.23483487802758932,62
0.4765032780388545,0.21566779681616755,62
0.48260399659641895,0.18473567456806295,62
0.5188610686462485,0.22030268375410944,62
0.500971607495112,0.21202106930556044,62
0.5185124182864096,0.20469847702704352,62
0.5087916327857005,0.183200352623053,62
0.48,0.06844444444444445,63
0.5335015252440791,0.16175860604371384,63
0.5781622567226945,0.2187283477922018,63
0.5151610827024786,0.30098502627419316,63
0.5288680471356669,0.26820194988573104,63
0.4870830294673212,0.2981315952452763,63
0.5075823115924756,0.27950384044652987,63
0.533530309123536,0.2754990674193449,63
0.5981975357638293,0.34973370721606234,63
0.5340983310292038,0.4079853752421009,63
0.551487123570109,0.3611658852754911,63
0.5255047624053115,0.3408974305499879,63
0.4589178669839401,0.40589173528273315,63
0.4768477829274637,0.36057322011323367,63
0.4478320933568612,0.34648995523179194,63
0.48,0.06844444444444445,64
0.5306658543720313,0.15608726429961817,64
0.5883813633487205,0.24030082939307296,64
0.6258502391442454,0.26717841510550827,64
0.6476880945798124,0.25741844295554056,64
0.6168661320914212,0.2675786793412148,64
0.5527802591475426,0.3422346893607289,64
0.45786750838177165,0.463613253020125,64
0.4316679638055592,0.42328969156852486,64
0.5286602557940693,0.53261633723184,64
0.43282051657730014,0.6177725482190103,64
0.3774680617238091,0.6049229482821903,64
0.37693303848931714,0.48500840509473614,64
0.39466586020808797,0.4234723675133305,64
0.46968705109583914,0.48882027578616677,64
0.48,0.06844444444444445,65
0.5338042423709403,0.16236404029743612,65
0.5638486443051046,0.18998003610627756,65
0.5847413963226091,0.19376953292003118,65
0.6102645376331478,0.20606190895710236,65
0.5846615147559586,0.21605557292006014,65
0.5413847790706221,0.25939792970672115,65
0.4416226187476822,0.4070426644112567,65
0.4971699771589028,0.4367288483514466,65
0.5290929246726006,0.4132289737085528,65
0.430464413200735,0.5278402019105735,65
0.4700185464938248,0.5013804281146385,65
0.5315620436609533,0.5241913368259676,65
0.556466200999552,0.4691613841379715,65
0.5594954179746181,0.38138754126050933,65
0.48,0.06844444444444445,66
0.5237096817487805,0.14217491905311666,66
0.5703780053017043,0.20707658234834098,66
0.585493632688954,0.1958925206531721,66
0.6118202815117268,0.20936731416808338,66
0.5983467582628044,0.1944408978323116,66
0.6356890967864101,0.23023739531306062,66
0.6607547518164613,0.2343212263105509,66
0.620551145643361,0.2678641933946413,66
0.5915370016686159,0.27231964266520337,66
0.6096539860583257,0.2540896829115822,66
0.5797749724277371,0.2630297735904427,66
0.48,0.06844444444444445,67
0.529258204371941,0.1532719642994377,67
0.5243834536887522,0.13236707280592783,67
0.598160527160144,0.2534478051875259,67
0.6039725489296823,0.21438228768909745,67
0.5318904087666455,0.31567011047735166,67
0.6428186521458452,0.4743925751402807,67
0.6613121437102987,0.41650104324113146,67
0.5751805426791441,0.5054640366552142,67
0.5722807653081725,0.4101707840661146,67
0.5980407101721272,0.3796565169808012,67
0.6660059867956891,0.43965576683176477,67
0.5836671815083114,0.5164022240401671,67
0.48551462128492506,0.6094268996789065,67
0.3974373493484347,0.6636960636161059,67
0.48,0.06844444444444445,68
0.5214525131523868,0.13766058186032917,68
0.5158601272750223,0.12131323724299244,68
0.4544933374253804,0.21978416949367774,68
0.4807723774507908,0.22838541564576306,68
0.5071938402892607,0.2355512581935502,68
0.5014122247960952,0.20000423754117136,68
0.527108719731829,0.21139637990440496,68
0.5564924651496099,0.22788459475908585,68
0.4984554224542355,0.2983817611980175,68
0.5155613054773472,0.2729171750046374,68
0.5189477806186651,0.22510669028634556,68
0.5162489515549109,0.18548301035658474,68
0.5384961343454185,0.192880773866283,68
0.5738158114354359,0.22494397327306107,68
0.48,0.06844444444444445,69
0.5245023507287699,0.14376025701309553,69
0.5295698700840591,0.12514324432105478,69
0.5077123132813358,0.1438297090622904,69
0.5340171236434476,0.16767338797405584,69
0.48420940296059645,0.23375415174494685,69
0.4400093607463975,0.2754034058243554,69
0.466053889626073,0.2724117824188353,69
0.5092203064353258,0.30426225955357383,69
0.4590814670454943,0.34368748642252206,69
0.4591483649628896,0.27508378497280817,69
0.4580623299257495,0.22223909805252667,69
0.4087112220457464,0.2764934942020276,69
0.4296606780334248,0.2630937073369789,69
0.45682581088541563,0.26480523157356484,69
0.48,0.06844444444444445,70
0.5285846373106987,0.15192483017695302,70
0.49454457597133594,0.18961998682028797,70
0.492458746923196,0.1558676475525102,70
0.5185418969669284,0.17686041812947306,70
0.5087569251013556,0.161058278234724,70
0.48720841946023286,0.17194363387002473,70
0.51334712778393,0.18983232374341413,70
0.5150881189167026,0.15534784126027645,70
0.50069065627749465,0.15307319828663699,70
0.527052025263087,0.17518129660049425,70
0.4683344084630804,0.25758027088040863,70
0.4686629205611936,0.2067212409005533,70
0.4947489842034402,0.21754912000493593,70
0.488537874427266,0.18646151555629722,70
0.48,0.06844444444444445,71
0.5307636108415738,0.15628277723870307,71
0.5801676252836091,0.22383425067503315,71
0.6291688787306354,0.2770699074340791,71
0.6547284814476904,0.27277513138137316,71
0.6961644015563665,0.30109194532245087,71
0.7344984899602636,0.31754173306575484,71
0.7488328678706534,0.28270214227338353,71
0.591157205381504,0.5415130387970057,71
0.5702117791901545,0.47510128342030344,71
0.5925021752459725,0.42466181884787857,71
0.46072863452617796,0.6032765365178918,71
0.48,0.06844444444444445,72
0.5278686177411277,0.15049279103781105,72
0.4920812938684921,0.19196888057552008,72
0.4448716769359811,0.24799433832543796,72
0.46827804029860437,0.2452081973855969,72
0.42843605197709994,0.2758505345514864,72
0.425663894240319,0.22622474311475108,72
0.43203090715411496,0.19371382031939283,72
0.4816648191153148,0.25423888017791385,72
0.48268330525842745,0.20542807642855637,72
0.5085439695057337,0.21606378963745754,72
0.4516474588118715,0.2866440530976903,72
0.451238935078836,0.23013228994422327,72
0.4741757978118813,0.22997955742146917,72
0.47084298920686934,0.19064926314719927,72
0.48,0.06844444444444445,73
0.5229877098459791,0.1407309752475138,73
0.5490019027964029,0.16461316609885876,73
0.5537248944417353,0.14113651616975179,73
0.5692287793221957,0.14391698269672223,73
0.5150986610405519,0.22339382272066544,73
0.4948716760881893,0.2191690280812575,73
0.5149541390365815,0.21550014836179024,73
0.4825200196342249,0.23726835749414538,73
0.4600421338066848,0.23477045765039656,73
0.4864045031990595,0.24054110490506667,73
0.4768355831747101,0.21157072397275214,73
0.4526442615876373,0.21763922235234728,73
0.4760136819697677,0.22085021864613857,73
0.5314238268417474,0.2875004646608703,73
0.48,0.06844444444444445,74
0.5283511669257221,0.1514578894069998,74
0.5744304009226279,0.21332477951941128,74
0.49029302533909525,0.3389345747825943,74
0.513430430694322,0.31742247053652906,74
0.5187549075179366,0.2645869300764524,74
0.46093840938436037,0.3273025403283144,74
0.4823997370685671,0.30476468763106496,74
0.39872662087585015,0.41115798249028584,74
0.38085972159375836,0.36466018455641225,74
0.3989521467931715,0.327912998043956,74
0.3083927853336146,0.44344912135427855,74
0.48,0.06844444444444445,75
0.5307999246528952,0.15635540486134591,75
0.510635001919354,0.16541416935615905,75
0.5311451695474838,0.17335167074118688,75
0.5573379650782172,0.19106692765441619,75
0.5380094648568686,0.1915105425662301,75
0.5019410382740187,0.2253452872186839,75
0.5277921380580745,0.2319784293430587,75
0.5433128984587531,0.21662426427580422,75
0.5083891191662063,0.24314697000573693,75
0.5309644575224081,0.23966825271699307,75
0.4834171394379823,0.286829238342446,75
0.48,0.06844444444444445,76
0.5429882849994422,0.18073212555444007,76
0.4971596924778722,0.23624288548669203,76
0.5331278688258647,0.2609306610853387,76
0.5467289154153067,0.2359466220471549,76
0.5343437684672587,0.21352759153381987,76
0.4688537469731814,0.3018021162152106,76
0.49295277391300035,0.2896397468518064,76
0.5223795713877729,0.2905653924309903,76
0.4476209091042622,0.3819696385118136,76
0.4624417219976592,0.33521733659624486,76
0.4827565644354504,0.30880355415257826,76
0.48,0.06844444444444445,77
0.530010001461434,0.15477555847842345,77
0.5314827723780243,0.12676598861591942,77
0.4755234635142873,0.2133314086202096,77
0.49543537913077673,0.21048895812914656,77
0.5405495726593054,0.25861955356037447,77
0.5072600421048162,0.2734747039572779,77
0.5272279210262216,0.25871552100863304,77
0.5431778378874647,0.23887225052939254,77
0.5799113657953721,0.26456485623932885,77
0.6810827808736886,0.41399471514809605,77
0.5727360944717291,0.5478891449223957,77
0.6237357037434443,0.540310534481347,77
0.644272534850349,0.4733220897988869,77
0.6227485960979338,0.42170554934394,77
0.48,0.06844444444444445,78
0.5223725375638639,0.1395006306832835,78
0.5176258809848087,0.12109381770473744,78
0.48354481682527156,0.1650371824828642,78
0.49920970033967377,0.16335951301509577,78
0.45423010957728815,0.22064679193684777,78
0.4513933209898764,0.1821910107243018,78
0.47692554926940256,0.19681726513849376,78
0.4743299156946411,0.16264507926031793,78
0.5258272190962547,0.23311067021148169,78
0.5521869971923765,0.23920809236142898,78
0.5273207938537945,0.24109888056630727,78
0.5055740860117414,0.23637252013715207,78
0.5222004426712317,0.2223507294287023,78
0.4426662525111253,0.3369489638631745,78
0.48,0.06844444444444445,79
0.5112573666667808,0.11727028888911713,79
0.5456111211973245,0.162523740172381,79
0.5319255274592769,0.15739017961399998,79
0.5513244898776991,0.1647100685280444,79
0.5481252107530742,0.13816661307168537,79
0.5879016910359534,0.19008625102310656,79
0.6028587915102445,0.18198320176706742,79
0.5436363385929917,0.2640314672481595,79
0.515316532247594,0.26786478648932294,79
0.5338020829248444,0.25126293054595933,79
0.5050768928053211,0.2584607246758142,79
0.47040268447666117,0.2761169963979712,79
0.4824303352246404,0.24494889861433544,79
0.46322985431070535,0.23436008071933842,79
0.48,0.06844444444444445,80
0.5330147244515089,0.16078500445857327,80
0.5139129463968171,0.16683155967624225,80
0.5385637740878227,0.18276690312300525,80
0.5607024745764895,0.19049092347573773,80
0.5917834216164269,0.2145546328604651,80
0.5847166876614316,0.18577717419836287,80
0.6110790370397275,0.2013464381152822,80
0.6477523929917895,0.23442386239634977,80
0.5685182909976151,0.3460072939054288,80
0.5946818838949858,0.32913302091908436,80
0.5195747147992998,0.41352075492663937,80
0.48,0.06844444444444445,81
0.5307192626617596,0.15619408087907485,81
0.5633514082277471,0.19021955583523473,81
0.5185760760098536,0.24172630910397477,81
0.5438570347371183,0.24394296473770927,81
0.5536547007029912,0.21474970372191315,81
0.5705916692931149,0.20567370015777797,81
0.5968648951204729,0.2170854117809385,81
0.6132681818502825,0.20647490288437007,81
0.5456675280044927,0.30038122999907585,81
0.5612760322968087,0.27152199258389265,81
0.5497344141105835,0.24030083043956427,81
0.485605465350742,0.3204985618713345,81
0.5113882149346969,0.30796434866497735,81
0.5918483661976723,0.4072917814579327,81
0.48,0.06844444444444445,82
0.5241377542924172,0.14303106414038982,82
0.46752071268848383,0.22765893452017852,82
0.4954779723464027,0.23804166693198053,82
0.5218092774450508,0.24309594374288068,82
0.5864090790699709,0.32367635824414476,82
0.5817344997446202,0.268290245246017,82
0.6044966279655652,0.26015645263870374,82
0.579481493102352,0.2581554318373896,82
0.5443378679204152,0.2768115958337853,82
0.5706849094992242,0.2741433598246464,82
0.5573835752451745,0.24591735636781667,82
0.6252340262756891,0.33243478715528274,82
0.6511471671123457,0.3177741113975392,82
0.65784809096273,0.26762113681880006,82
0.48,0.06844444444444445,83
0.5341837325823621,0.16312302072027973,83
0.5306007181493722,0.1376644454422037,83
0.5103287766794253,0.15067543929365662,83
0.524079363486068,0.14804152504821053,83
0.5722479088550566,0.21477031077654568,83
0.5592002145507599,0.19791163722982996,83
0.5852345876815319,0.210398056045408,83
0.4930398946854666,0.352707830828457,83
0.5431584447424137,0.3824033647766599,83
0.45390463631589706,0.4844303086743612,83
0.5881300644616144,0.6559951032309237,83
0.488674866359213,0.7237064787895419,83
0.37287004011581704,0.8105748355184254,83
0.2081867890958228,0.9778263704547288,83
0.48,0.06844444444444445,84
0.5268547864804839,0.14846512851652338,84
0.5804146005230271,0.22589173089830517,84
0.6524328608456608,0.32474990536391163,84
0.673944854230965,0.3028239110617377,84
0.5726748288574077,0.44479917959650456,84
0.5271268842916367,0.4469352328087458,84
0.5333702340508717,0.37003488576546656,84
0.602691343789593,0.43467012808981587,84
0.5823157805531113,0.38848722894481613,84
0.5993196450113106,0.3447975120722516,84
0.5799237330371594,0.3146298336061037,84
0.5519937149016532,0.3075639031558954,84
0.5564646694279177,0.25499303157724534,84
0.5842803371671949,0.25962576074035043,84
0.48,0.06844444444444445,85
0.540000563235722,0.17475668202699948,85
0.5305395600469615,0.15872735199912064,85
0.4637285694188709,0.2606038628554776,85
0.49003238555547335,0.261090722557587,85
0.5601549501288968,0.34911770719291657,85
0.589587099962635,0.3381584654218096,85
0.5000651943817129,0.44957058349929174,85
0.4189321425822456,0.5219225703983681,85
0.4597460945516564,0.499165960257516,85
0.484305178277104,0.448450935656908,85
0.4809551176424888,0.3654608697947567,85
0.43810360871412735,0.37807171369252834,85
0.46047405142296993,0.3471982563717078,85
0.45297649339792584,0.29275372114745446,85
0.48,0.06844444444444445,86
0.5240225757277732,0.14280070701110215,86
0.5172842967935137,0.1277171234774007,86
0.4473952892852602,0.24195171379842767,86
0.4697875373183306,0.23834586710488298,86
0.34812500297779897,0.4340017623649697,86
0.27929273863323456,0.48486593858110455,86
0.2981708220732454,0.42564891774490526,86
0.2913077907864868,0.35424519676944155,86
0.251223076380692,0.36356558622714275,86
0.26728099152989415,0.3229682992801185,86
0.2958154490937267,0.3154435545517599,86
0.48,0.06844444444444445,87
0.5348194692993973,0.1643944941543502,87
0.5570311714005403,0.1759389995257662,87
0.5588989103572402,0.14448667753401284,87
0.5793393617332689,0.1564702447792678,87
0.540451194387723,0.20295253051450615,87
0.558196513614871,0.19785266286590078,87
0.5767622482484672,0.19541359955991316,87
0.5917039147976522,0.18621421274630048,87
0.6036315045932248,0.17282654978818554,87
0.6258599482964443,0.1827181272369875,87
0.6547606216979397,0.20397584859258083,87
0.6945416345819071,0.2427427046419995,87
0.7149616269253793,0.2350341484005441,87
0.7226443542443168,0.20339277335831016,87
0.48,0.06844444444444445,88
0.5295357646456301,0.15382708484681573,88
0.511196852100444,0.1597394929678248,88
0.5434531126226961,0.19230411541876408,88
0.5666129086627683,0.2001628844151556,88
0.5612688919592839,0.17081834093909332,88
0.5476704436137357,0.16385156944237084,88
0.5730770758070932,0.18189451994061168,88
0.5694901589458905,0.15268944967489487,88
0.5630993018447956,0.1349332739421056,88
0.5857033332617693,0.1531546819876318,88
0.5536573886289686,0.1866156348557068,88
0.5552102929475116,0.15239831652165142,88
0.5780012022622688,0.16750047184683556,88
0.5694813237936603,0.1510401344146854,88
0.48,0.06844444444444445,89
0.522098273648844,0.13895210285324358,89
0.49063588930196167,0.17408645097635944,89
0.47924049912084016,0.1620599411433306,89
0.5055995007807296,0.18236595623444335,89
0.538232561502308,0.21115888643071157,89
0.5317302872166171,0.18193165771595116,89
0.5558895870629346,0.19386392586539586,89
0.5539181655488401,0.15903398372050553,89
0.48963646088159785,0.2557905963108889,89
0.5159916776765229,0.25734291063856124,89
0.5284314179553062,0.23075380906841578,89
0.604877369578777,0.3374949505016743,89
0.6192821513471021,0.29880552393798965,89
0.5273997405933483,0.4228092406578993,89
0.48,0.06844444444444445,90
0.52340515718388,0.14156586992331566,90
0.5242646691565553,0.11497171988400309,90
0.5277733488388306,0.09899473527175304,90
0.5509228037283858,0.12549469799651264,90
0.5420885273371717,0.11806431117963809,90
0.4849875659815265,0.20865337165500092,90
0.4923228606210508,0.1815932866030494,90
0.5531827257647753,0.2669943595698886,90
0.605883993990441,0.3189980241072422,90
0.6218254456253889,0.28708132255568947,90
0.5277147723215639,0.4178864046522015,90
0.39509250836185617,0.5995536516411768,90
0.3968049624699856,0.4830678295292003,90
0.5383149671060129,0.669474272895415,90
0.48,0.06844444444444445,91
0.5317869116878541,0.15832937893126375,91
0.5547428586556559,0.1725753970806145,91
0.5502638522893148,0.1470183303971737,91
0.575698906086059,0.16848477191122735,91
0.5558351784544491,0.17451527279220164,91
0.5230713142094359,0.20513994672378782,91
0.5491497362659312,0.21626880149202102,91
0.6015036594915147,0.2777228876447839,91
0.5273623807110343,0.37046086767678815,91
0.5398287487537209,0.32130143022680374,91
0.5954588253647194,0.36830129740344003,91
0.5460060504019737,0.3935465878482435,91
0.5719448123059047,0.3667147940864568,91
0.5512556939290787,0.33475007202281737,91
0.48,0.06844444444444445,92
0.5287322359817237,0.15222002751900301,92
0.5352754169125565,0.134862383876868,92
0.5201117248349661,0.13821729125667523,92
0.5427025733340558,0.1557555300035195,92
0.4901817884817934,0.22964599370734046,92
0.4989901976287315,0.20133361325974858,92
0.5217144537128132,0.20651540277596236,92
0.5000833397951626,0.20847455005607118,92
0.4750849730412452,0.21677637355269178,92
0.5003684697083663,0.22398809217639568,92
0.4665341068791332,0.24685919939958278,92
0.48,0.06844444444444445,93
0.5200024727947293,0.13476050114501426,93
0.5096134856154175,0.12858637527463504,93
0.465019893181916,0.19205628508671108,93
0.5666245742256392,0.35685439015681525,93
0.5611350766467387,0.29646250728325313,93
0.5018133825287016,0.3558133940626768,93
0.5064158426704991,0.29385563553373656,93
0.502648061174726,0.24262007141853548,93
0.4454601292855009,0.3084719209132787,93
0.4561232120866364,0.268103702332894,93
0.5326358491206784,0.3675082359343993,93
0.4989891539918495,0.3612999790051772,93
0.5253339952152075,0.34172966565085766,93
0.5442686460764949,0.311253034243261,93
0.48,0.06844444444444445,94
0.5264619957400266,0.14767954703560876,94
0.5704746463188792,0.20616893878619233,94
0.5843280574256073,0.19264197324241011,94
0.5903108770570497,0.1660792178568128,94
0.5574887984691856,0.19850753146117817,94
0.49761098165945367,0.2785616587884065,94
0.5220395378892075,0.271706439490233,94
0.47684600046124803,0.3077522264481054,94
0.5307004292619695,0.35391063875992723,94
0.5345424530855706,0.290812558655144,94
0.4917580173009536,0.31821891849334916,94
0.5210099606614439,0.31307902151565986,94
0.5470326385626768,0.3025085730149937,94
0.4993929538620945,0.33728622781315964,94
0.48,0.06844444444444445,95
0.5384081937176403,0.17157194299083603,95
0.5178222145365877,0.17842951275477398,95
0.5261474322800643,0.15939404569077237,95
0.5509325212170703,0.17708541442662976,95
0.5620378508820104,0.1638789908711842,95
0.605569851028306,0.21816719298953857,95
0.6069428912387074,0.17727983481243373,95
0.5972938665171781,0.16112191729300557,95
0.582087828965193,0.15930960893837476,95
0.6049273081599794,0.17312664554027274,95
0.5449812867669154,0.25839335921834633,95
0.5234187412517042,0.24983977840509947,95
0.5468196839034623,0.24667370802759575,95
0.5471622580118966,0.1980241146389451,95
0.48,0.06844444444444445,96
0.5264866810501878,0.14772891765593113,96
0.5743654365551921,0.21394064513475358,96
0.5462179384221262,0.22744751237393473,96
0.5575778092319984,0.20467775151889217,96
0.530276733546383,0.21834435258634438,96
0.5579935326303014,0.23010908023691223,96
0.5819184024338189,0.2319370037965647,96
0.6553411508972102,0.33239509996403455,96
0.5899673069871254,0.3966637677913973,96
0.6099678715924345,0.3573321434437361,96
0.47576507992565087,0.554271298088556,96
0.4842236639229559,0.4603342064654549,96
0.5081668734361542,0.4161537841987606,96
0.6023040576778697,0.5211973958424394,96
0.48,0.06844444444444445,97
0.5313749201651564,0.15750539588586848,97
0.469612112052592,0.24952993293382358,97
0.47263651088691483,0.20567274401570457,97
0.4989804996144904,0.21722617266771482,97
0.4369891738474654,0.2977635896682219,97
0.41482411115846657,0.2825409971125752,97
0.43798694514226477,0.27235846565765653,97
0.43458956627713563,0.22468153025638354,97
0.37721940424602524,0.29448554826732765,97
0.40350533775466857,0.28816030563114875,97
0.3897871730779653,0.2579645738583255,97
0.48,0.06844444444444445,98
0.5284471879009635,0.15164993135748256,98
0.4738419552891407,0.23053041030963153,98
0.48654125253266173,0.20982292273474734,98
0.5103828352124911,0.21554150354745666,98
0.4341303411086948,0.3249381910455578,98
0.4528138758468846,0.2973176223128259,98
0.47741383403964244,0.28705401423577637,98
0.42269491497192696,0.33908104952405205,98
0.4850113489453564,0.3958977075661005,98
0.5105657253750661,0.3678269189122996,98
0.49259487498560356,0.33020323590876466,98
0.4645801791745709,0.32019198034907703,98
0.48763374677514665,0.30226071948041316,98
0.4686333398402188,0.27980938945418615,98
0.48,0.06844444444444445,99
0.5202036264459051,0.1351628084473659,99
0.4615166608015193,0.22550417804666428,99
0.5157570960509912,0.2888842129362752,99
0.5229722330618424,0.24553764437072245,99
0.5369547320165207,0.22439511340593446,99
0.5137163325787687,0.2259928896002515,99
0.5376258747937006,0.22861339611006498,99
0.555996630830635,0.2196322289619208,99
0.4767697698502078,0.33415950513039105,99
0.4913314413431701,0.29645094709023745,99
0.439495861090552,0.3408319181774261,99
0.48,0.06844444444444445,100
0.5456020811231936,0.18595971780194293,100
0.5503146623303874,0.1581929366559419,100
0.539641978948164,0.1478997160892003,100
0.5656053545231721,0.17024652402137636,100
0.5603373198662939,0.14673328853085751,100
0.6178845357583685,0.23248106260883528,100
0.6325387150916322,0.2152932087535955,100
0.6643039389737431,0.2357650147670981,100
0.6829038950807091,0.2258119240276107,100
0.7085888237125829,0.23201939648583614,100
0.665828214879205,0.2711367348554249,100
0.7398172014316561,0.3648873609892421,100
0.7633151422084824,0.3389057703450464,100
0.7072959828710323,0.3831629349509372,100
