,ID,round,phase,OB_1,OB_2,OB_3,OB_4,AS_1,AS_2,AS_3,AS_4,dwmean_1,dwmean_2,dwmean_3,dwmean_4,schemas_1,schemas_2,schemas_3,schemas_4,RT_1,RT_2,RT_3,RT_4,payoff,accuracy,performance,novelty,breakR,afterbreak,type
1,1,1,1,20,19,9,3,196,43,29,3,0.778756345,0.855568182,0.362033333,1.156,5,3,5,4,153.415,37.645,10.861,4.624,4.25,0.25,17,0,-1,0,H
2,1,1,2,20,5,5,3,280,13,7,3,0.345669039,0.365857143,0.89625,0.99125,4,4,4,5,97.133,5.122,7.17,3.965,4.25,0.25,29,0,-1,0,H
3,1,2,3,20,7,5,20,182,15,8,51,0.631251366,0.47925,0.567555556,0.734788462,6,6,6,4,115.519,7.668,5.108,38.209,5.5,0.75,40,0,-1,0,H
4,1,2,4,20,5,11,15,72,5,14,21,0.547260274,0.6495,0.428866667,0.610636364,6,6,6,6,39.95,3.897,6.433,13.434,6,0.75,72,0,-1,0,H
5,1,3,5,20,14,8,4,162,42,14,6,0.636834356,0.313604651,0.923933333,0.446857143,2,2,5,3,103.804,13.485,13.859,3.128,3,0,12,0,-1,0,H
6,1,3,6,20,7,5,13,129,12,10,13,0.755961538,0.552230769,0.626909091,0.647928571,5,2,4,3,98.275,7.179,6.896,9.071,3.5,0,14,0,-1,0,H
7,1,5,9,20,9,6,4,64,13,9,3,0.937015385,0.972642857,0.9799,1.1095,2,6,3,3,60.906,13.617,9.799,4.438,3.5,0,14,1,-1,1,H
8,1,5,10,20,6,3,15,117,6,3,20,0.585508475,0.426857143,0.75175,0.918238095,4,4,5,6,69.09,2.988,3.007,19.283,4.75,0,19,1,-1,1,H
9,1,6,11,20,4,17,12,66,4,33,16,0.669597015,0.6936,0.650441176,0.713588235,4,4,5,5,44.863,3.468,22.115,12.131,4.5,0,18,1,-1,1,H
10,1,6,12,20,2,20,8,88,2,56,12,0.75058427,1.056666667,0.772315789,0.706230769,4,4,5,2,66.802,3.17,44.022,9.181,3.75,0,15,1,-1,1,H
11,1,7,13,20,5,16,15,205,6,66,120,0.280218447,0.437571429,0.362716418,0.382033058,5,5,5,4,57.725,3.063,24.302,46.226,4.75,0.25,34,1,-1,1,H
12,1,7,14,20,6,6,4,102,8,9,6,0.38015534,0.407111111,0.6228,0.446142857,2,5,3,3,39.156,3.664,6.228,3.123,3.25,0.25,13,1,-1,1,H
13,1,8,15,20,14,10,7,130,18,11,9,0.681137405,0.500526316,0.623333333,0.551,4,5,4,3,89.229,9.51,7.48,5.51,4,0,16,1,-1,1,H
14,1,8,16,20,4,16,3,58,6,28,3,0.616661017,1.264857143,0.571448276,0.81525,3,6,6,5,36.383,8.854,16.572,3.261,5,0,20,1,-1,1,H
15,1,9,17,18,14,8,4,32,13,11,4,0.742181818,1.415142857,0.787666667,0.6612,5,4,5,3,24.492,19.812,9.452,3.306,4.25,0,17,1,-1,1,H
16,1,9,18,20,6,8,3,42,7,10,2,0.615139535,0.579125,0.640363636,1.120333333,2,6,2,5,26.451,4.633,7.044,3.361,3.75,0,15,1,-1,1,H
17,1,10,19,20,9,6,2,51,10,8,2,0.706365385,0.410272727,0.321,1.4,2,6,6,5,36.731,4.513,2.889,4.2,4.75,0.25,19,1,-1,1,H
18,1,10,20,12,9,16,16,24,14,42,23,0.62508,0.242066667,0.415372093,1.172166667,3,3,3,4,15.627,3.631,17.861,28.132,3.25,0.25,22,1,-1,1,H
19,1,11,21,20,12,13,14,59,13,28,25,0.814016667,0.793428571,0.480310345,0.374807692,4,2,6,6,48.841,11.108,13.929,9.745,4.5,0,18,1,-1,1,H
20,1,11,22,20,4,4,9,176,3,3,18,0.672644068,1.30325,0.87225,0.420684211,2,5,3,5,119.058,5.213,3.489,7.993,3.75,0,15,1,-1,1,H
21,1,12,24,20,2,5,11,76,1,27,11,0.496753247,1.1765,0.1595,0.609416667,4,4,3,4,38.25,2.353,4.466,7.313,3.75,0.25,27,1,-1,1,H
22,2,1,1,15,2,20,4,43,3,57,6,0.896681818,0.33575,0.745275862,1.054,2,2,2,2,39.454,1.343,43.226,7.378,2,0.75,24,0,-1,0,H
23,2,1,2,20,3,16,5,244,2,44,4,0.677677551,0.984,0.567,0.5628,4,4,4,2,166.031,2.952,25.515,2.814,3.5,0.75,26,0,-1,0,H
24,2,2,3,20,5,11,4,111,4,17,11,0.830607143,0.6464,0.630944444,0.294166667,4,6,6,4,93.028,3.232,11.357,3.53,5,0.5,20,0,-1,0,H
25,2,2,4,20,9,11,17,109,9,36,37,0.995618182,0.7491,0.373216216,0.860421053,6,6,6,6,109.518,7.491,13.809,32.696,6,0.5,72,0,-1,0,H
26,2,3,5,20,5,10,18,105,4,20,88,0.510792453,0.6862,0.366809524,0.634067416,6,6,6,4,54.144,3.431,7.703,56.432,5.5,0.75,40,0,-1,0,H
27,2,3,6,20,6,11,5,55,14,10,6,1.028589286,0.502533333,0.858,1.008428571,6,6,6,6,57.601,7.538,9.438,7.059,6,0.75,72,0,-1,0,H
28,2,6,12,19,7,2,3,95,12,1,5,0.347125,0.482692308,0.3995,0.288666667,6,6,6,6,33.324,6.275,0.799,1.732,6,0.5,72,1,-1,1,H
29,2,7,14,20,5,6,3,51,4,7,4,0.676980769,0.485,0.6085,0.1652,6,3,6,6,35.203,2.425,4.868,0.826,5.25,0.25,39,1,-1,1,H
30,2,8,15,20,3,2,7,72,2,2,14,0.547178082,0.440333333,0.822333333,0.3374,6,6,2,6,39.944,1.321,2.467,5.061,5,0.75,38,1,-1,1,H
31,2,12,23,6,4,20,4,6,7,170,4,6.126857143,0.490125,0.22871345,0.7358,5,5,5,6,42.888,3.921,39.11,3.679,5.25,0.25,36,1,-1,1,H
32,2,12,24,11,2,8,2,23,1,9,1,1.348083333,0.8965,0.3914,2.868,5,5,3,6,32.354,1.793,3.914,5.736,4.75,0.25,19,1,-1,1,H
33,5,1,1,19,5,9,6,116,9,19,17,0.797051282,0.3124,0.6885,0.466277778,6,6,4,4,93.255,3.124,13.77,8.393,5,0.25,20,0,-1,0,H
34,5,1,2,11,11,6,19,34,22,10,80,0.846514286,0.592565217,0.794,0.59854321,3,3,3,5,29.628,13.629,8.734,48.482,3.5,0.25,23,0,-1,0,H
35,5,2,3,8,5,13,4,7,6,28,5,1.4685,1.221428571,0.974931034,1.901333333,3,3,3,2,11.748,8.55,28.273,11.408,2.75,0.5,20,0,-1,0,H
36,5,2,4,5,10,4,5,5,17,9,6,0.7405,1.204444444,0.671,0.751142857,2,3,3,3,4.443,21.68,6.71,5.258,2.75,0.5,20,0,-1,0,H
37,5,3,5,17,4,13,2,41,4,14,2,0.713190476,0.6424,1.325,1.106,3,3,2,6,29.954,3.212,19.875,3.318,3.5,0.5,14,0,-1,0,H
38,5,3,6,11,3,4,18,29,2,5,33,0.508466667,0.434,0.578166667,1.396411765,3,3,3,3,15.254,1.302,3.469,47.478,3,0.5,36,0,-1,0,H
39,5,4,7,18,2,6,11,43,3,7,37,0.811840909,0.44375,0.932,0.440684211,2,2,2,4,35.721,1.775,7.456,16.746,2.5,0.5,16,0,-1,0,H
40,5,4,8,11,3,14,7,21,2,65,8,0.695545455,2.170666667,0.326560606,0.785555556,6,6,6,4,15.302,6.512,21.553,7.07,5.5,0.5,40,0,-1,0,H
41,5,5,9,20,8,5,2,72,12,6,2,0.744684932,0.495,0.646571429,1.109,3,5,4,6,54.362,6.435,4.526,3.327,4.5,0.5,18,0,-1,0,H
42,5,5,10,14,8,3,12,46,17,2,41,0.544446809,0.946722222,1.675666667,0.556071429,6,6,6,6,25.589,17.041,5.027,23.355,6,0.5,72,0,-1,0,H
43,5,6,11,9,15,4,6,16,44,4,6,0.711647059,0.846355556,0.6116,0.869857143,4,4,2,6,12.098,38.086,3.058,6.089,4,0.5,16,0,-1,0,H
44,5,6,12,11,4,15,18,30,3,31,45,0.67416129,0.36675,0.97340625,0.960456522,6,6,6,6,20.899,1.467,31.149,44.181,6,0.5,72,0,-1,0,H
45,5,7,13,20,10,4,4,78,15,5,4,0.83478481,0.5250625,0.5445,0.595,6,4,5,3,65.948,8.401,3.267,2.975,4.5,0,18,1,-1,1,H
46,5,8,15,19,5,2,2,56,7,1,2,0.862508772,0.380875,0.5945,0.262333333,6,4,6,6,49.163,3.047,1.189,0.787,5.5,0.25,40,1,-1,1,H
47,5,8,16,16,3,5,3,33,3,6,2,0.827852941,1.07575,0.262714286,1.173666667,4,5,6,4,28.147,4.303,1.839,3.521,4.75,0.25,19,1,-1,1,H
48,5,9,17,20,3,6,4,59,4,5,3,0.765433333,0.27,0.334833333,0.44425,4,5,4,3,45.926,1.35,2.009,1.777,4,0,16,1,-1,1,H
49,5,9,18,16,12,3,6,32,15,4,7,0.429272727,0.8078125,0.787,0.328,5,5,2,6,14.166,12.925,3.935,2.624,4.5,0,18,1,-1,1,H
50,5,10,19,20,9,4,16,50,13,8,31,0.969333333,0.470357143,0.590111111,0.818625,3,3,3,3,49.436,6.585,5.311,26.196,3,0.5,36,1,-1,1,H
51,5,10,20,15,5,3,5,19,4,2,6,1.1143,0.354,0.975333333,0.670285714,6,3,3,6,22.286,1.77,2.926,4.692,4.5,0.5,18,1,-1,1,H
52,5,11,21,8,9,3,4,10,10,6,6,0.932545455,0.879181818,0.387428571,0.421714286,6,2,4,4,10.258,9.671,2.712,2.952,4,0,16,1,-1,1,H
53,5,11,22,19,10,20,3,66,19,125,3,0.666134328,0.5906,0.363444444,0.74775,5,5,2,3,44.631,11.812,45.794,2.991,3.75,0,15,1,-1,1,H
54,5,12,23,20,7,4,2,85,7,6,1,0.895337209,0.471875,0.340428571,0.3245,3,3,3,3,76.999,3.775,2.383,0.649,3,0.75,36,1,-1,1,H
55,5,12,24,19,5,2,2,40,14,1,1,1.31902439,0.301266667,0.851,1.0915,3,3,6,3,54.08,4.519,1.702,2.183,3.75,0.75,24,1,-1,1,H
56,5,13,25,7,11,5,3,16,32,13,7,0.693647059,0.587333333,0.182285714,0.160625,6,4,6,3,11.792,19.382,2.552,1.285,4.75,0,19,1,-1,1,H
57,5,13,26,7,19,4,12,12,41,4,16,0.966307692,1.231357143,0.2904,0.664882353,5,6,6,5,12.562,51.717,1.452,11.303,5.5,0,22,1,-1,1,H
58,5,14,27,12,13,10,8,31,26,19,9,0.782625,1.375666667,0.9542,0.5656,6,6,3,3,25.044,37.143,19.084,5.656,4.5,0.25,18,1,-1,1,H
59,5,14,28,20,4,2,4,110,4,1,11,0.452621622,0.2854,1.205,0.690833333,3,3,3,4,50.241,1.427,2.41,8.29,3.25,0.25,22,1,-1,1,H
60,8,1,1,20,8,18,20,88,19,84,99,0.545044944,0.62515,0.435058824,0.56273,6,6,6,4,48.509,12.503,36.98,56.273,5.5,0.25,40,0,-1,0,H
61,8,1,2,20,8,2,6,54,8,2,8,0.386381818,1.780444444,1.249666667,0.471333333,6,5,6,4,21.251,16.024,3.749,4.242,5.25,0.25,21,0,-1,0,H
62,8,2,3,15,12,4,9,51,27,19,77,0.271980769,0.344928571,0.4447,0.161333333,6,6,6,3,14.143,9.658,8.894,12.584,5.25,0.25,39,0,-1,0,H
63,8,2,4,7,5,6,10,25,11,13,10,0.216307692,0.465916667,0.198785714,0.179636364,3,4,5,6,5.624,5.591,2.783,1.976,4.5,0.25,18,0,-1,0,H
64,8,3,5,18,15,9,8,73,100,37,31,0.295621622,0.203267327,0.186815789,0.150375,6,4,5,3,21.876,20.53,7.099,4.812,4.5,0,18,0,-1,0,H
65,8,3,6,20,14,6,19,219,42,13,129,0.247181818,0.269813953,0.136571429,0.162546154,4,6,6,3,54.38,11.602,1.912,21.131,4.75,0,19,0,-1,0,H
66,8,4,7,19,2,19,4,102,2,105,7,0.230805825,0.452333333,0.319716981,0.24575,6,6,4,4,23.773,1.357,33.89,1.966,5,0,20,0,-1,0,H
67,8,5,9,20,4,12,20,227,4,17,99,0.276491228,0.215,0.631277778,0.52476,6,6,6,6,63.04,1.075,11.363,52.476,6,0.75,72,0,-1,0,H
68,8,5,10,7,19,5,2,22,131,5,5,0.27473913,0.364992424,0.498166667,0.299833333,6,4,4,4,6.319,48.179,2.989,1.799,4.5,0.75,30,0,-1,0,H
69,8,6,11,20,5,5,5,135,10,7,11,0.308382353,0.230090909,0.938,0.192,3,6,6,5,41.94,2.531,7.504,2.304,5,0.25,20,1,-1,1,H
70,8,6,12,11,3,19,17,36,12,116,108,0.380108108,0.229538462,0.312435897,0.248211009,6,6,6,3,14.064,2.984,36.555,27.055,5.25,0.25,39,1,-1,1,H
71,8,7,13,20,7,8,8,169,15,30,26,0.244388235,0.2783125,0.150483871,0.140444444,2,6,4,3,41.546,4.453,4.665,3.792,3.75,0.25,15,1,-1,1,H
72,8,7,14,20,20,5,20,77,127,20,188,0.296512821,0.213335938,0.258333333,0.50221164,6,6,6,2,23.128,27.307,5.425,94.918,5,0.25,38,1,-1,1,H
73,8,8,15,16,6,5,4,58,8,6,4,0.36840678,0.334444444,0.204,0.3416,5,6,4,4,21.736,3.01,1.428,1.708,4.75,0,19,1,-1,1,H
74,8,8,16,14,7,9,7,57,13,9,8,0.299568966,0.122642857,0.3233,0.600666667,6,4,5,3,17.375,1.717,3.233,5.406,4.5,0,18,1,-1,1,H
75,8,9,17,20,5,4,4,63,4,5,3,0.352328125,0.2992,0.1415,0.3075,2,5,5,4,22.549,1.496,0.849,1.23,4,0,16,1,-1,1,H
76,8,9,18,15,5,3,9,29,12,7,12,0.447566667,0.317769231,0.17125,0.195384615,4,2,6,3,13.427,4.131,1.37,2.54,3.75,0,15,1,-1,1,H
77,10,1,1,19,3,5,18,87,4,28,86,0.667568182,0.1726,0.20737931,0.286781609,2,5,2,2,58.746,0.863,6.014,24.95,2.75,0.25,17,0,-1,0,H
78,10,1,2,11,18,7,4,29,79,25,18,0.338866667,0.3515,0.648653846,0.161947368,4,4,5,3,10.166,28.12,16.865,3.077,4,0.25,16,0,-1,0,H
79,10,2,3,20,2,7,3,137,1,9,2,0.350724638,0.5265,0.8086,0.384,2,2,5,5,48.4,1.053,8.086,1.152,3.5,0,14,0,-1,0,H
80,10,2,4,18,4,11,14,71,4,30,33,0.628972222,0.0796,0.32183871,0.608558824,6,6,4,5,45.286,0.398,9.977,20.691,5.25,0,21,0,-1,0,H
81,10,4,7,15,20,5,19,27,180,4,52,0.758642857,0.389359116,0.185,0.669886792,4,5,5,2,21.242,70.474,0.925,35.504,4,0.5,16,0,-1,0,H
82,10,4,8,20,3,4,16,122,2,5,44,0.308195122,0.301666667,0.1095,0.365822222,2,2,2,2,37.908,0.905,0.657,16.462,2,0.5,24,0,-1,0,H
83,10,5,9,18,3,2,20,107,3,2,37,0.463777778,0.40175,0.721,0.622105263,4,4,4,3,50.088,1.607,2.163,23.64,3.75,0.25,27,0,-1,0,H
84,10,5,10,20,2,13,9,79,1,38,11,0.7925875,0.1775,0.822384615,0.80575,4,4,6,6,63.407,0.355,32.073,9.669,5,0.25,20,0,-1,0,H
85,10,6,11,20,2,4,19,126,1,9,66,0.58988189,0.467,0.236,0.639791045,6,6,3,4,74.915,0.934,2.36,42.866,4.75,0.5,19,1,-1,1,H
86,10,6,12,20,5,18,18,255,6,36,44,0.373625,0.115,0.404324324,0.6724,4,4,4,4,95.648,0.805,14.96,30.258,4,0.5,48,1,-1,1,H
87,10,7,13,17,2,19,18,79,1,81,93,0.32565,0.868,0.307621951,0.232489362,2,2,2,4,26.052,1.736,25.225,21.854,2.5,0.5,16,1,-1,1,H
88,10,7,14,17,4,2,18,65,5,1,84,0.324878788,0.2855,0.524,0.384647059,3,3,3,6,21.442,1.713,1.048,32.695,3.75,0.5,24,1,-1,1,H
89,10,8,15,20,2,12,20,96,1,32,137,0.612721649,0.4515,0.521121212,0.404471014,5,5,5,3,59.434,0.903,17.197,55.817,4.5,0.75,33,1,-1,1,H
90,10,8,16,17,4,5,11,60,3,7,32,0.410655738,0.133,0.358875,0.444333333,2,2,2,2,25.05,0.532,2.871,14.663,2,0.75,24,1,-1,1,H
91,10,9,17,19,7,6,19,153,16,8,106,0.380038961,0.236588235,0.404777778,0.457,2,2,2,2,58.526,4.022,3.643,48.899,2,0.5,24,1,-1,1,H
92,10,9,18,19,3,4,15,51,2,3,26,0.587903846,0.149333333,0.3975,0.79462963,2,6,6,2,30.571,0.448,1.59,21.455,4,0.5,16,1,-1,1,H
93,10,10,19,15,3,5,2,34,3,6,1,0.423942857,0.35175,0.321142857,0.268,3,3,3,3,14.838,1.407,2.248,0.536,3,0.5,36,1,-1,1,H
94,10,10,20,20,3,6,5,91,2,7,6,0.663152174,0.316,0.857,0.721714286,4,5,2,4,61.01,0.948,6.856,5.052,3.75,0.5,15,1,-1,1,H
95,10,11,21,18,5,5,8,99,15,8,25,0.43698,0.25725,0.450888889,0.394615385,2,2,2,2,43.698,4.116,4.058,10.26,2,0.75,24,1,-1,1,H
96,10,11,22,9,4,5,19,20,3,4,71,0.727952381,0.167,0.6764,0.706194444,3,3,3,6,15.287,0.668,3.382,50.846,3.75,0.75,24,1,-1,1,H
97,14,1,1,20,4,2,17,325,5,2,67,0.535981595,0.339166667,0.699333333,0.359544118,6,6,3,2,174.73,2.035,2.098,24.449,4.25,0,17,0,-1,0,HL
98,14,1,2,20,6,9,2,43,9,16,1,0.904181818,0.6749,0.557235294,1.3405,6,5,6,2,39.784,6.749,9.473,2.681,4.75,0,19,0,-1,0,HL
99,14,2,3,10,5,11,10,15,6,25,23,0.8213125,0.633571429,0.796192308,0.827541667,6,6,6,6,13.141,4.435,20.701,19.861,6,0.5,72,0,-1,0,HL
100,14,2,4,17,5,3,3,56,6,3,4,0.732263158,0.151857143,0.9595,1.184,6,5,3,6,41.739,1.063,3.838,5.92,5,0.5,20,0,-1,0,HL
101,14,3,5,20,4,2,3,100,7,1,2,0.472425743,0.4085,0.907,0.88,4,4,4,2,47.715,3.268,1.814,2.64,3.5,0.25,26,0,-1,0,HL
102,14,3,6,20,7,8,8,69,8,9,10,0.6956,0.523777778,0.5654,0.761363636,2,6,6,4,48.692,4.714,5.654,8.375,4.5,0.25,18,0,-1,0,HL
103,14,4,7,20,3,3,14,65,3,8,32,0.734681818,0.59775,0.270666667,0.531909091,3,3,3,3,48.489,2.391,2.436,17.553,3,0.75,36,0,-1,0,HL
104,14,4,8,20,2,6,9,94,1,10,10,0.455094737,1.4715,0.452363636,0.845181818,3,3,2,3,43.234,2.943,4.976,9.297,2.75,0.75,20,0,-1,0,HL
105,14,5,9,16,3,3,12,123,5,8,50,0.308741935,0.233833333,0.247,0.433470588,2,2,2,2,38.284,1.403,2.223,22.107,2,0.75,24,0,-1,0,HL
106,14,5,10,20,3,3,9,125,8,2,16,0.345650794,0.237777778,0.653,0.402058824,6,6,6,2,43.552,2.14,1.959,6.835,5,0.75,38,0,-1,0,HL
107,14,6,11,18,5,3,13,109,9,2,87,0.384109091,0.1329,0.645666667,0.170363636,5,5,5,6,42.252,1.329,1.937,14.992,5.25,0.5,36,0,-1,1,HL
108,14,6,12,20,16,6,4,193,69,10,5,0.307164948,0.241185714,0.340818182,0.337,5,3,3,3,59.59,16.883,3.749,2.022,3.5,0.5,23,0,-1,1,HL
109,14,7,13,20,4,7,5,147,9,17,13,0.345601351,0.1244,0.256555556,0.228785714,3,3,3,3,51.149,1.244,4.618,3.203,3,0.75,36,0,-1,1,HL
110,14,7,14,16,5,11,6,80,9,29,12,0.535037037,0.234,0.621366667,0.370230769,5,5,5,6,43.338,2.34,18.641,4.813,5.25,0.75,36,0,-1,1,HL
111,14,8,15,20,7,9,7,150,20,22,18,0.389668874,0.283,0.347086957,0.438842105,6,5,5,3,58.84,5.943,7.983,8.338,4.75,0.25,19,0,-1,1,HL
112,14,9,17,20,5,4,12,105,9,5,38,0.508716981,0.3554,0.255,0.287666667,5,5,5,4,53.924,3.554,1.53,11.219,4.75,0.5,34,0,-1,1,HL
113,14,9,18,10,2,8,3,83,1,17,12,0.299369048,0.5555,0.503277778,0.539384615,6,6,6,5,25.147,1.111,9.059,7.012,5.75,0.5,41,0,-1,1,HL
114,14,10,19,20,8,8,11,103,8,11,20,0.515807692,0.420222222,0.433833333,0.664095238,3,3,3,6,53.644,3.782,5.206,13.946,3.75,0.75,24,0,-1,1,HL
115,14,10,20,18,11,7,8,68,23,10,18,0.519449275,0.396,0.717909091,0.501842105,6,6,6,6,35.842,9.504,7.897,9.535,6,0.75,72,0,-1,1,HL
116,14,11,21,19,4,17,12,152,5,56,28,0.287620915,0.502666667,0.325754386,0.273068966,5,5,6,6,44.006,3.016,18.568,7.919,5.5,0.25,22,0,-1,1,HL
117,14,11,22,20,10,5,6,110,12,10,29,0.370225225,0.412153846,0.389909091,0.303333333,6,6,6,4,41.095,5.358,4.289,9.1,5.5,0.25,40,0,-1,1,HL
118,14,12,23,20,6,11,6,75,7,31,12,0.6225,0.436,0.4595625,0.591384615,6,6,6,5,47.31,3.488,14.706,7.688,5.75,0.25,41,0,-1,1,HL
119,14,12,24,20,8,6,2,81,14,15,1,0.645512195,0.369333333,0.355625,1.2225,5,5,3,6,52.932,5.54,5.69,2.445,4.75,0.25,19,0,-1,1,HL
120,14,13,25,20,6,5,14,80,12,6,23,0.556222222,0.273846154,0.332142857,0.513958333,2,6,6,6,45.054,3.56,2.325,12.335,5,0.5,38,0,-1,1,HL
121,14,13,26,20,2,11,6,78,1,18,10,0.544734177,1.526,0.496842105,0.346090909,5,5,5,4,43.034,3.052,9.44,3.807,4.75,0.5,34,0,-1,1,HL
122,14,14,27,10,3,6,10,25,2,10,27,0.491846154,0.441,0.481909091,0.488285714,5,5,5,3,12.788,1.323,5.301,13.672,4.5,0.5,33,0,-1,1,HL
123,14,14,28,6,3,5,13,29,4,9,36,0.288,0.1794,0.6093,0.49872973,5,5,6,5,8.64,0.897,6.093,18.453,5.25,0.5,36,0,-1,1,HL
124,16,1,2,8,13,8,15,10,87,13,51,0.960727273,0.436181818,0.261285714,0.345442308,5,6,2,4,10.568,38.384,3.658,17.963,4.25,0,17,0,-1,0,HL
125,16,2,3,14,16,20,20,44,41,145,134,0.352333333,0.317238095,0.248568493,0.390066667,2,4,2,5,15.855,13.324,36.291,52.659,3.25,0.25,13,0,-1,0,HL
126,16,2,4,11,11,12,18,12,46,34,115,0.692153846,0.161042553,0.450314286,0.323284483,3,3,3,2,8.998,7.569,15.761,37.501,2.75,0.25,20,0,-1,0,HL
127,16,3,5,16,16,2,20,40,76,1,169,0.514219512,0.263571429,0.4225,0.330288235,5,2,2,4,21.083,20.295,0.845,56.149,3.25,0,13,0,-1,0,HL
128,16,3,6,17,4,18,18,44,4,103,43,0.215466667,0.5464,0.303817308,0.370159091,3,3,4,4,9.696,2.732,31.597,16.287,3.5,0,14,0,-1,0,HL
129,16,4,7,17,19,4,19,57,109,6,119,0.318,0.309418182,1.238571429,0.246816667,2,2,4,5,18.444,34.036,8.67,29.618,3.25,0,13,0,-1,0,HL
130,16,4,8,19,10,15,3,106,14,83,2,0.248299065,0.477066667,0.239428571,0.372333333,4,3,6,6,26.568,7.156,20.112,1.117,4.75,0,19,0,-1,0,HL
131,16,5,9,17,18,7,13,72,114,18,41,0.237246575,0.287217391,0.455578947,0.370904762,2,6,2,5,17.319,33.03,8.656,15.578,3.75,0,15,0,-1,0,HL
132,16,5,10,19,18,10,12,135,94,41,36,0.200301471,0.160515789,0.1665,0.239459459,3,2,3,2,27.241,15.249,6.993,8.86,2.5,0,10,0,-1,0,HL
133,16,6,11,19,9,19,11,99,11,118,16,0.45836,0.238166667,0.203596639,0.287,6,6,6,6,45.836,2.858,24.228,4.879,6,0.75,72,0,-1,1,HL
134,16,6,12,18,18,18,19,99,112,88,122,0.22658,0.248982301,0.362044944,0.33496748,4,4,4,5,22.658,28.135,32.222,41.201,4.25,0.75,29,0,-1,1,HL
135,16,7,13,20,2,20,9,110,1,163,15,0.207873874,0.3225,0.212993902,0.2248125,6,6,2,4,23.074,0.645,34.931,3.597,4.5,0,18,0,-1,1,HL
136,16,7,14,20,20,11,17,139,194,34,84,0.218714286,0.248876923,0.210457143,0.282529412,2,4,4,5,30.62,48.531,7.366,24.015,3.75,0,15,0,-1,1,HL
137,16,8,15,20,15,13,12,153,46,44,52,0.161948052,0.13706383,0.160288889,0.322716981,2,2,2,3,24.94,6.442,7.213,17.104,2.25,0.5,15,0,-1,1,HL
138,16,8,16,14,9,10,20,28,17,20,127,0.308827586,0.189166667,0.369571429,0.34190625,3,5,3,3,8.956,3.405,7.761,43.764,3.5,0.5,23,0,-1,1,HL
139,16,9,17,8,20,14,9,15,148,64,15,0.1561875,0.272785235,0.151861538,0.216,3,5,2,3,2.499,40.645,9.871,3.456,3.25,0.25,13,0,-1,1,HL
140,16,9,18,19,6,20,20,105,9,148,274,0.197075472,0.1429,0.178322148,0.20344,3,3,3,4,20.89,1.429,26.57,55.946,3.25,0.25,22,0,-1,1,HL
141,16,10,19,20,10,4,19,283,23,4,134,0.177897887,0.14275,0.1586,0.156385185,3,3,3,5,50.523,3.426,0.793,21.112,3.5,0.5,23,0,-1,1,HL
142,16,10,20,17,12,13,16,78,35,24,80,0.196810127,0.229194444,0.41016,0.195271605,3,2,2,2,15.548,8.251,10.254,15.817,2.25,0.5,15,0,-1,1,HL
143,16,11,21,18,13,10,18,76,69,28,67,0.184220779,0.189314286,0.213793103,0.183426471,3,2,2,3,14.185,13.252,6.2,12.473,2.5,0,10,0,-1,1,HL
144,16,11,22,19,13,4,12,179,38,16,18,0.219327778,0.332512821,0.221235294,0.132052632,5,2,6,2,39.479,12.968,3.761,2.509,3.75,0,15,0,-1,1,HL
145,16,12,23,0,0,0,0,0,0,0,0,0,0,0,0,0,0,0,0,0,0,0,0,0,0.75,0,0,-1,1,HL
146,16,12,24,0,0,0,0,0,0,0,0,0,0,0,0,0,0,0,0,0,0,0,0,0,0.75,0,0,-1,1,HL
147,18,1,2,20,4,15,5,137,9,42,5,0.137746377,0.0956,0.381069767,0.546666667,6,6,4,2,19.009,0.956,16.386,3.28,4.5,0,18,0,-1,0,HL
148,18,2,3,18,3,9,13,75,3,11,19,0.359276316,0.22225,0.722083333,0.67115,6,6,4,6,27.305,0.889,8.665,13.423,5.5,0.5,40,0,-1,0,HL
149,18,3,5,14,3,15,17,35,3,36,64,0.6095,0.21975,0.504810811,0.388153846,3,3,3,5,21.942,0.879,18.678,25.23,3.5,0.25,23,0,-1,0,HL
150,18,4,7,20,3,12,10,105,2,17,15,0.41459434,0.379333333,0.562777778,0.496875,6,4,6,6,43.947,1.138,10.13,7.95,5.5,0.5,40,0,-1,0,HL
151,18,4,8,20,3,4,19,86,4,8,32,0.647977011,0.3866,0.115,0.550030303,6,6,6,4,56.374,1.933,1.035,18.151,5.5,0.5,40,0,-1,0,HL
152,18,5,9,20,4,2,18,150,10,1,39,0.396682119,0.270545455,1.0725,0.353275,2,5,5,5,59.899,2.976,2.145,14.131,4.25,0.5,32,0,-1,0,HL
153,18,5,10,20,4,5,18,134,3,7,46,0.379651852,0.42025,0.109625,0.386574468,4,4,4,2,51.253,1.681,0.877,18.169,3.5,0.5,26,0,-1,0,HL
154,18,6,11,20,6,16,9,147,20,44,49,0.513364865,0.157,0.161711111,0.17732,2,2,2,4,75.978,3.297,7.277,8.866,2.5,0.25,16,0,-1,1,HL
155,18,6,12,20,6,8,18,122,31,14,97,0.361138211,0.15778125,0.2914,0.234887755,5,5,6,6,44.42,5.049,4.371,23.019,5.5,0.25,22,0,-1,1,HL
156,18,7,13,20,2,3,8,154,1,2,19,0.337451613,0.6765,0.494,0.3977,6,6,6,2,52.305,1.353,1.482,7.954,5,0.5,38,0,-1,1,HL
157,18,7,14,20,4,12,5,296,8,31,8,0.261047138,0.175,0.3904375,0.445555556,2,2,2,6,77.531,1.575,12.494,4.01,3,0.5,18,0,-1,1,HL
158,18,9,17,10,2,2,20,44,3,5,147,0.3106,0.216,0.208,0.200304054,6,6,6,4,13.977,0.864,1.248,29.645,5.5,0.75,40,0,-1,1,HL
159,18,9,18,20,3,4,2,179,2,3,1,0.208472222,0.359333333,0.25925,0.4385,6,6,6,6,37.525,1.078,1.037,0.877,6,0.75,72,0,-1,1,HL
160,18,10,20,20,2,3,15,362,1,13,45,0.270112948,1.1725,0.125428571,0.236652174,6,6,6,5,98.051,2.345,1.756,10.886,5.75,0.75,41,0,-1,1,HL
161,18,11,21,20,2,3,3,99,1,4,7,0.38079,1.0325,0.382,0.33125,6,6,6,6,38.079,2.065,1.91,2.65,6,0.75,72,0,-1,1,HL
162,18,11,22,20,2,3,8,124,1,4,11,0.56816,0.9595,0.2578,0.4985,6,6,6,3,71.02,1.919,1.289,5.982,5.25,0.75,39,0,-1,1,HL
163,18,12,23,14,3,3,4,18,5,2,3,0.601421053,0.1195,0.36,0.156,6,6,6,6,11.427,0.717,1.08,0.624,6,0.75,72,0,-1,1,HL
164,18,12,24,20,17,5,4,160,42,11,3,0.440763975,0.208,0.119166667,0.3085,2,4,4,4,70.963,8.944,1.43,1.234,3.5,0.75,26,0,-1,1,HL
165,18,13,25,20,3,6,8,189,2,11,18,0.276363158,0.302,0.15,0.186526316,6,6,6,6,52.509,0.906,1.8,3.544,6,0.75,72,0,-1,1,HL
166,19,1,1,20,8,13,9,376,9,44,27,0.371933687,0.1546,0.3002,0.345285714,3,3,3,2,140.219,1.546,13.509,9.668,2.75,0.25,20,0,-1,0,HL
167,19,1,2,20,7,17,8,56,6,47,7,0.614508772,0.312857143,0.611604167,0.604125,4,4,5,3,35.027,2.19,29.357,4.833,4,0.25,16,0,-1,0,HL
168,19,2,3,20,4,5,4,184,4,6,4,0.500216216,0.2902,0.288571429,0.522,2,2,5,4,92.54,1.451,2.02,2.61,3.25,0.25,13,0,-1,0,HL
169,19,2,4,20,4,3,17,84,3,2,42,0.543976471,0.27575,0.383666667,0.557813953,2,2,2,3,46.238,1.103,1.151,23.986,2.25,0.25,15,0,-1,0,HL
170,19,3,5,20,4,3,7,106,3,3,9,0.402196262,0.36725,0.52975,0.1968,3,3,3,2,43.035,1.469,2.119,1.968,2.75,0.25,20,0,-1,0,HL
171,19,3,6,20,4,12,11,165,6,23,24,0.438216867,0.267285714,0.619625,0.27364,3,3,4,4,72.744,1.871,14.871,6.841,3.5,0.25,14,0,-1,0,HL
172,19,4,7,20,7,7,6,265,9,7,10,0.467575188,0.3711,0.467125,0.305545455,3,3,4,4,124.375,3.711,3.737,3.361,3.5,0.25,14,0,-1,0,HL
173,19,4,8,20,4,3,6,98,3,2,10,0.510191919,0.24575,0.373333333,0.781181818,3,3,3,5,50.509,0.983,1.12,8.593,3.5,0.25,23,0,-1,0,HL
174,19,5,9,20,16,14,8,234,36,27,34,0.340068085,0.509891892,0.478107143,0.195371429,6,6,4,3,79.916,18.866,13.387,6.838,4.75,0,19,0,-1,1,HL
175,19,5,10,20,2,13,5,103,4,16,5,0.685144231,0.228,0.362705882,0.224833333,4,3,4,5,71.255,1.14,6.166,1.349,4,0,16,0,-1,1,HL
176,19,6,11,20,4,3,5,104,3,2,6,0.57027619,0.41175,0.507666667,0.206428571,4,4,4,4,59.879,1.647,1.523,1.445,4,1,48,0,-1,1,HL
177,19,6,12,20,4,7,6,106,4,6,8,0.694803738,0.3198,0.510285714,0.638333333,4,4,4,4,74.344,1.599,3.572,5.745,4,1,48,0,-1,1,HL
178,19,7,13,20,5,4,14,167,5,3,34,0.590416667,0.380166667,0.309,0.507771429,5,5,2,2,99.19,2.281,1.236,17.772,3.5,0.25,14,0,-1,1,HL
179,19,8,15,20,7,7,14,119,7,11,39,0.565725,0.156125,0.139583333,0.3307,3,3,3,2,67.887,1.249,1.675,13.228,2.75,0.75,20,0,-1,1,HL
180,19,8,16,20,5,12,14,95,10,45,25,0.629760417,0.265454545,0.186434783,0.280923077,2,2,2,2,60.457,2.92,8.576,7.304,2,0.75,24,0,-1,1,HL
181,19,9,17,20,4,3,2,154,4,2,1,0.482019355,0.3004,0.453333333,0.8875,4,4,4,4,74.713,1.502,1.36,1.775,4,1,48,0,-1,1,HL
182,19,9,18,20,4,5,3,104,6,5,3,0.36232381,0.228,0.229666667,0.83,3,3,3,3,38.044,1.596,1.378,3.32,3,1,36,0,-1,1,HL
183,19,10,19,20,9,5,12,135,9,7,18,0.563573529,0.5765,0.499875,0.551315789,3,3,3,2,76.646,5.765,3.999,10.475,2.75,0.75,20,0,-1,1,HL
184,19,10,20,20,3,5,2,82,2,4,1,0.620457831,0.343666667,0.3052,0.562,2,2,2,2,51.498,1.031,1.526,1.124,2,0.75,24,0,-1,1,HL
185,19,11,21,20,4,3,5,141,3,2,5,0.488204225,0.3155,0.456666667,0.400166667,6,6,6,6,69.325,1.262,1.37,2.401,6,0.75,72,0,-1,1,HL
186,19,11,22,20,2,2,4,79,1,2,5,0.5379625,0.4385,0.226666667,0.704166667,3,3,3,5,43.037,0.877,0.68,4.225,3.5,0.75,23,0,-1,1,HL
187,19,12,23,20,3,3,14,152,2,3,22,0.521928105,0.462333333,0.34425,0.512695652,6,6,6,6,79.855,1.387,1.377,11.792,6,0.5,72,0,-1,1,HL
188,19,12,24,19,5,11,7,67,6,22,9,0.566308824,0.393,0.414391304,0.7511,6,6,3,3,38.509,2.751,9.531,7.511,4.5,0.5,18,0,-1,1,HL
189,22,1,1,20,6,12,19,115,9,51,75,0.786094828,0.6003,0.294173077,0.493657895,3,3,3,3,91.187,6.003,15.297,37.518,3,1,36,0,-1,0,HL
190,22,1,2,20,3,3,18,64,3,3,57,0.686784615,0.417,0.654,0.758155172,3,3,3,3,44.641,1.668,2.616,43.973,3,1,36,0,-1,0,HL
191,22,2,3,20,5,4,18,91,6,3,75,0.673065217,0.365285714,0.95975,0.406065789,2,2,2,4,61.922,2.557,3.839,30.861,2.5,0.5,16,0,-1,0,HL
192,22,2,4,20,2,17,2,92,3,39,1,0.687569892,0.7255,0.729875,0.628,2,2,4,2,63.944,2.902,29.195,1.256,2.5,0.5,16,0,-1,0,HL
193,22,3,5,20,12,11,13,93,57,24,33,0.699531915,0.148689655,0.14624,0.410794118,3,3,3,4,65.756,8.624,3.656,13.967,3.25,0.75,22,0,-1,0,HL
194,22,3,6,20,2,12,17,79,1,45,108,0.555725,0.9825,0.300847826,0.310568807,5,5,5,5,44.458,1.965,13.839,33.852,5,0.75,60,0,-1,0,HL
195,22,4,7,17,6,8,6,191,18,39,5,0.22009375,0.147315789,0.334325,0.4095,2,2,3,6,42.258,2.799,13.373,2.457,3.25,0,13,0,-1,0,HL
196,22,4,8,6,17,7,4,23,49,11,5,0.363083333,0.3538,0.184666667,0.109166667,5,4,3,6,8.714,17.69,2.216,0.655,4.5,0,18,0,-1,0,HL
197,22,5,9,20,7,2,18,247,25,1,86,0.31008871,0.269730769,0.701,0.434551724,6,6,6,4,76.902,7.013,1.402,37.806,5.5,0.75,40,0,-1,0,HL
198,22,5,10,20,6,3,19,107,7,3,50,0.410555556,0.29275,0.3665,0.73045098,3,3,3,3,44.34,2.342,1.466,37.253,3,0.75,36,0,-1,0,HL
199,22,6,11,20,3,10,5,285,2,28,8,0.316297203,0.337666667,0.507137931,0.202,4,4,5,4,90.461,1.013,14.707,1.818,4.25,0.75,29,0,-1,1,HL
200,22,6,12,19,5,15,14,117,6,47,38,0.268305085,0.293285714,0.454375,0.364282051,4,4,4,4,31.66,2.053,21.81,14.207,4,0.75,48,0,-1,1,HL
201,22,7,13,20,3,5,19,304,2,5,132,0.244777049,0.616,0.3035,0.198082707,4,4,4,6,74.657,1.848,1.821,26.345,4.5,0.75,30,0,-1,1,HL
202,22,7,14,18,4,9,5,111,7,11,10,0.299071429,0.112875,0.180416667,0.099454545,3,3,3,3,33.496,0.903,2.165,1.094,3,0.75,36,0,-1,1,HL
203,22,8,15,20,7,5,19,179,12,10,79,0.357755556,0.379307692,0.211,0.3787125,2,2,2,2,64.396,4.931,2.321,30.297,2,1,24,0,-1,1,HL
204,22,8,16,20,7,6,13,213,8,17,35,0.262906542,0.230888889,0.194166667,0.251888889,6,6,6,6,56.262,2.078,3.495,9.068,6,1,72,0,-1,1,HL
205,22,9,17,20,4,3,4,145,4,3,6,0.227267123,0.4334,0.45425,0.300714286,3,3,3,3,33.181,2.167,1.817,2.105,3,0.75,36,0,-1,1,HL
206,22,9,18,20,6,8,16,318,15,12,87,0.275507837,0.508875,0.196692308,0.245193182,3,3,3,4,87.887,8.142,2.557,21.577,3.25,0.75,22,0,-1,1,HL
207,22,10,19,19,6,4,19,137,6,3,68,0.433072464,0.349714286,0.502,0.417028986,6,6,6,6,59.764,2.448,2.008,28.775,6,1,72,0,-1,1,HL
208,22,10,20,19,5,10,9,154,10,16,17,0.280296774,0.151545455,0.646294118,0.154666667,2,2,2,2,43.446,1.667,10.987,2.784,2,1,24,0,-1,1,HL
209,22,11,21,20,6,17,19,265,8,59,102,0.264609023,0.253777778,0.237433333,0.283398058,6,6,6,6,70.386,2.284,14.246,29.19,6,1,72,0,-1,1,HL
210,22,11,22,19,5,8,11,135,10,21,45,0.253264706,0.239727273,0.191318182,0.167543478,6,6,6,6,34.444,2.637,4.209,7.707,6,1,72,0,-1,1,HL
211,22,12,23,20,10,5,18,209,20,6,146,0.172095238,0.079809524,0.287,0.22155102,6,6,6,6,36.14,1.676,2.009,32.568,6,1,72,0,-1,1,HL
212,22,12,24,20,7,8,20,583,14,9,161,0.172734589,0.097266667,0.3011,0.186567901,5,5,5,5,100.877,1.459,3.011,30.224,5,1,60,0,-1,1,HL
213,25,1,1,20,9,3,20,336,20,10,150,0.282178042,0.327095238,0.163818182,0.283807947,3,3,3,5,95.094,6.869,1.802,42.855,3.5,0.5,23,0,-1,0,Hc
214,25,1,2,14,16,3,18,93,26,3,47,0.291680851,0.349259259,0.4165,0.3508125,2,2,2,4,27.418,9.43,1.666,16.839,2.5,0.5,16,0,-1,0,Hc
215,25,2,3,16,5,11,20,67,7,57,160,0.238279412,0.228875,0.221172414,0.299291925,4,4,4,4,16.203,1.831,12.828,48.186,4,0.75,48,0,-1,0,Hc
216,25,2,4,20,4,18,17,175,4,102,55,0.288590909,0.3544,0.294058252,0.481571429,3,3,3,5,50.792,1.772,30.288,26.968,3.5,0.75,23,0,-1,0,Hc
217,25,3,5,7,16,19,18,37,80,204,93,0.302447368,0.186493827,0.215170732,0.320170213,6,6,6,3,11.493,15.106,44.11,30.096,5.25,0.75,39,0,-1,0,Hc
218,25,3,6,20,15,8,8,125,70,24,13,0.320785714,0.310943662,0.57616,0.669785714,6,6,6,6,40.419,22.077,14.404,9.377,6,0.75,72,0,-1,0,Hc
219,25,4,7,20,3,4,19,148,3,20,140,0.247221477,0.46575,0.105857143,0.312446809,4,4,4,4,36.836,1.863,2.223,44.055,4,0.75,48,0,-1,0,Hc
220,25,4,8,18,7,6,20,125,18,8,317,0.312761905,0.300421053,0.252,0.21227044,6,6,6,5,39.408,5.708,2.268,67.502,5.75,0.75,41,0,-1,0,Hc
221,25,5,9,6,20,14,19,37,60,78,129,0.151210526,0.334901639,0.302037975,0.292461538,4,4,4,2,5.746,20.429,23.861,38.02,3.5,0.75,26,0,-1,0,Hc
222,25,5,10,20,6,16,19,321,8,173,160,0.250453416,0.206777778,0.187327586,0.203875776,6,6,6,6,80.646,1.861,32.595,32.824,6,0.75,72,0,-1,0,Hc
223,25,6,11,20,3,18,8,228,2,196,21,0.221384279,0.186333333,0.253182741,0.232181818,6,6,5,3,50.697,0.559,49.877,5.108,5,0.5,20,0,-1,1,Hc
224,25,6,12,20,10,14,13,147,40,84,52,0.222804054,0.154560976,0.250741176,0.228264151,6,6,6,6,32.975,6.337,21.313,12.098,6,0.5,72,0,-1,1,Hc
225,25,7,13,10,12,7,19,35,40,17,102,0.241388889,0.231682927,0.185666667,0.26361165,6,6,6,5,8.69,9.499,3.342,27.152,5.75,0.25,41,0,-1,1,Hc
226,25,7,14,20,7,20,6,285,11,233,14,0.184552448,0.133,0.147452991,0.225933333,4,4,6,6,52.782,1.596,34.504,3.389,5,0.25,20,0,-1,1,Hc
227,25,8,15,20,4,4,3,133,5,4,3,0.256544776,0.208,0.2588,0.19825,3,3,3,3,34.377,1.248,1.294,0.793,3,0.75,36,0,-1,1,Hc
228,25,8,16,15,7,14,20,87,10,78,210,0.160034091,0.256272727,0.139835443,0.168322275,6,6,6,5,14.083,2.819,11.047,35.516,5.75,0.75,41,0,-1,1,Hc
229,25,9,17,9,3,20,12,46,9,159,116,0.101425532,0.2342,0.1527375,0.148700855,6,6,6,6,4.767,2.342,24.438,17.398,6,0.75,72,0,-1,1,Hc
230,25,9,18,20,4,4,19,175,6,20,112,0.210829545,0.116571429,0.125142857,0.21539823,6,6,6,3,37.106,0.816,2.628,24.34,5.25,0.75,39,0,-1,1,Hc
231,25,10,19,6,13,11,16,44,83,75,115,0.089977778,0.217071429,0.14925,0.207991379,6,6,6,5,4.049,18.234,11.343,24.127,5.75,0.5,41,0,-1,1,Hc
232,25,10,20,18,8,16,14,125,35,102,65,0.17347619,0.108333333,0.21531068,0.199924242,6,6,6,4,21.858,3.9,22.177,13.195,5.5,0.5,40,0,-1,1,Hc
233,25,11,21,20,2,10,18,296,1,48,60,0.212683502,0.4395,0.117714286,0.310508197,3,3,3,3,63.167,0.879,5.768,18.941,3,0.75,36,0,-1,1,Hc
234,25,11,22,6,6,20,16,35,11,109,132,0.269138889,0.234666667,0.224090909,0.170571429,6,6,6,4,9.689,2.816,24.65,22.686,5.5,0.75,40,0,-1,1,Hc
235,27,1,1,20,13,7,11,225,35,25,15,0.672274336,0.656333333,0.627961538,0.4199375,2,5,3,6,151.934,23.628,16.327,6.719,4,0,16,0,-1,0,Hc
236,27,1,2,20,13,2,13,75,35,1,33,0.632302632,0.847305556,4.0685,0.662176471,4,3,3,2,48.055,30.503,8.137,22.514,3,0,12,0,-1,0,Hc
237,27,2,3,7,17,9,4,12,35,20,4,0.353307692,0.466277778,0.493571429,1.0894,4,2,3,3,4.593,16.786,10.365,5.447,3,0,12,0,-1,0,Hc
238,27,3,5,16,3,4,5,30,3,3,10,0.563806452,0.20075,0.6845,0.718545455,6,6,6,6,17.478,0.803,2.738,7.904,6,0.5,72,0,-1,0,Hc
239,27,3,6,20,4,4,5,82,3,9,4,0.458313253,0.22,0.7399,0.6352,3,3,2,4,38.04,0.88,7.399,3.176,3,0.5,12,0,-1,0,Hc
240,27,4,7,20,6,3,9,76,8,2,12,0.685727273,0.334888889,0.164333333,0.732461538,2,3,3,4,52.801,3.014,0.493,9.522,3,0.25,12,0,-1,0,Hc
241,27,5,10,20,2,11,8,72,1,17,14,0.395890411,0.5155,0.714555556,0.446533333,3,3,3,6,28.9,1.031,12.862,6.698,3.75,0.5,24,0,-1,0,Hc
242,27,6,11,18,6,7,3,190,9,11,5,0.332973822,0.3569,0.452166667,0.401666667,5,2,3,3,63.598,3.569,5.426,2.41,3.25,0.25,13,0,-1,1,Hc
243,27,6,12,11,13,8,4,45,102,43,17,0.344978261,0.232533981,0.229886364,0.470166667,3,3,3,4,15.869,23.951,10.115,8.463,3.25,0.25,22,0,-1,1,Hc
244,27,7,13,19,3,7,5,111,2,18,7,0.312955357,0.213666667,0.220473684,0.252875,3,2,3,4,35.051,0.641,4.189,2.023,3,0,12,0,-1,1,Hc
245,27,7,14,18,8,4,7,102,9,6,10,0.322650485,0.393,0.646714286,0.322818182,5,2,2,5,33.233,3.93,4.527,3.551,3.5,0,14,0,-1,1,Hc
246,27,8,15,20,17,8,12,124,43,12,33,0.4564,0.379227273,0.308230769,0.268,6,2,3,6,57.05,16.686,4.007,9.112,4.25,0.25,17,0,-1,1,Hc
247,30,1,1,20,4,7,12,1240,5,28,37,0.194621273,0.532333333,0.221862069,0.205868421,2,2,2,4,241.525,3.194,6.434,7.823,2.5,0.25,16,0,-1,0,Hc
248,30,1,2,20,6,17,6,443,21,116,25,0.193923423,0.139545455,0.156905983,0.284615385,3,3,4,5,86.102,3.07,18.358,7.4,3.75,0.25,15,0,-1,0,Hc
249,30,2,3,20,6,7,6,378,8,9,10,0.159532982,0.124,0.1183,0.154818182,4,4,4,2,60.463,1.116,1.183,1.703,3.5,0.75,26,0,-1,0,Hc
250,30,2,4,20,7,4,4,476,9,3,5,0.174190776,0.1646,0.33775,0.328333333,4,4,4,4,83.089,1.646,1.351,1.97,4,0.75,48,0,-1,0,Hc
251,30,3,5,20,6,6,19,730,8,11,164,0.179225718,0.236222222,0.221416667,0.199133333,6,6,6,6,131.014,2.126,2.657,32.857,6,1,72,0,-1,0,Hc
252,30,3,6,20,7,5,4,495,11,7,4,0.145165323,0.20475,0.175875,0.4474,6,6,6,6,72.002,2.457,1.407,2.237,6,1,72,0,-1,0,Hc
253,30,4,7,19,7,4,6,209,12,3,8,0.217071429,0.183846154,0.474,0.326666667,4,4,4,4,45.585,2.39,1.896,2.94,4,1,48,0,-1,0,Hc
254,30,4,8,20,8,7,19,666,8,13,134,0.214956522,0.382555556,0.148714286,0.199474074,6,6,6,6,143.376,3.443,2.082,26.929,6,1,72,0,-1,0,Hc
255,30,5,9,20,6,6,18,561,12,16,167,0.209133452,0.154384615,0.061764706,0.157077381,6,6,6,6,117.533,2.007,1.05,26.389,6,0.75,72,0,-1,1,Hc
256,30,5,10,20,7,5,18,524,12,11,110,0.210531429,0.138076923,0.10075,0.155036036,5,5,5,4,110.529,1.795,1.209,17.209,4.75,0.75,34,0,-1,1,Hc
257,30,6,11,20,6,3,20,617,11,5,150,0.183312298,0.206,0.3195,0.167701987,5,5,5,6,113.287,2.472,1.917,25.323,5.25,0.75,36,0,-1,1,Hc
258,30,6,12,20,4,6,4,321,3,8,6,0.207434783,0.316,0.157333333,0.233142857,4,4,4,4,66.794,1.264,1.416,1.632,4,0.75,48,0,-1,1,Hc
259,30,8,15,20,3,7,3,339,6,15,3,0.208452941,0.252571429,0.2559375,0.184,6,6,6,6,70.874,1.768,4.095,0.736,6,1,72,0,-1,1,Hc
260,30,8,16,20,6,5,20,319,11,13,158,0.2217125,0.1385,0.1675,0.216867925,6,6,6,6,70.948,1.662,2.345,34.482,6,1,72,0,-1,1,Hc
261,30,9,17,19,4,5,5,138,5,4,7,0.337582734,0.1415,0.264,0.145875,6,6,6,6,46.924,0.849,1.32,1.167,6,1,72,0,-1,1,Hc
262,30,9,18,20,13,3,4,490,64,4,3,0.215486762,0.282476923,0.2492,0.2125,2,2,2,2,105.804,18.361,1.246,0.85,2,1,24,0,-1,1,Hc
263,30,10,19,18,5,4,4,115,5,4,8,0.263017241,0.337833333,0.2152,0.143666667,6,6,6,6,30.51,2.027,1.076,1.293,6,1,72,0,-1,1,Hc
264,30,10,20,19,4,4,4,222,5,3,3,0.452713004,0.235666667,0.368,0.3025,3,3,3,3,100.955,1.414,1.472,1.21,3,1,36,0,-1,1,Hc
265,30,11,22,19,4,8,4,200,5,19,5,0.362079602,0.319333333,0.2139,0.258166667,6,6,6,6,72.778,1.916,4.278,1.549,6,1,72,0,-1,1,Hc
266,35,1,1,20,2,4,18,125,1,3,51,0.631420635,0.759,0.81525,0.622403846,2,2,2,3,79.559,1.518,3.261,32.365,2.25,0.5,15,0,-1,0,L
267,35,1,2,20,7,20,4,101,8,47,3,0.722676471,0.196777778,0.768166667,0.3255,2,2,2,5,73.713,1.771,36.872,1.302,2.75,0.5,17,0,-1,0,L
268,35,2,3,20,2,4,18,142,1,3,74,0.562867133,0.904,0.57675,0.35824,6,6,6,4,80.49,1.808,2.307,26.868,5.5,0.5,40,0,-1,0,L
269,35,2,4,20,5,6,11,108,15,10,39,0.478311927,0.323875,0.395,0.210975,6,6,6,4,52.136,5.182,4.345,8.439,5.5,0.5,40,0,-1,0,L
270,35,3,5,20,3,3,19,166,5,6,49,0.400676647,0.349333333,0.220428571,0.37266,4,4,4,4,66.913,2.096,1.543,18.633,4,0.75,48,0,-1,0,L
271,35,3,6,20,8,20,18,111,10,41,43,0.508875,0.643090909,0.537261905,0.300522727,5,5,5,6,56.994,7.074,22.565,13.223,5.25,0.75,36,0,-1,0,L
272,35,4,7,20,2,4,16,65,1,6,38,0.789727273,0.75,0.194428571,0.511410256,2,2,2,3,52.122,1.5,1.361,19.945,2.25,0.75,15,0,-1,0,L
273,35,4,8,14,2,3,3,41,2,2,2,0.626857143,0.665333333,0.572,0.310333333,3,3,3,3,26.328,1.996,1.716,0.931,3,0.75,36,0,-1,0,L
274,35,5,9,18,5,12,14,123,7,16,24,0.308556452,0.338875,0.812705882,0.61184,6,6,6,6,38.261,2.711,13.816,15.296,6,0.75,72,0,-1,0,L
275,35,5,10,19,7,4,17,78,7,10,131,0.688797468,0.188875,0.207909091,0.239113636,6,6,6,5,54.415,1.511,2.287,31.563,5.75,0.75,41,0,-1,0,L
276,35,6,12,20,5,3,9,67,5,2,14,0.933367647,0.261166667,0.336333333,0.4966,3,3,3,3,63.469,1.567,1.009,7.449,3,1,36,1,-1,1,L
277,35,7,14,20,2,3,18,94,2,2,72,0.437568421,0.624666667,0.559,0.312671233,6,6,6,6,41.569,1.874,1.677,22.825,6,0.75,72,1,-1,1,L
278,35,8,15,20,3,3,16,131,3,2,29,0.561393939,0.8835,0.395,0.793233333,6,6,6,6,74.104,3.534,1.185,23.797,6,0.75,72,1,-1,1,L
279,35,8,16,20,6,20,7,94,7,47,9,0.586715789,0.445,0.747354167,0.4029,5,5,6,5,55.738,3.56,35.873,4.029,5.25,0.75,36,1,-1,1,L
280,35,9,17,20,4,5,18,80,4,4,87,0.419876543,0.2706,0.4442,0.282965909,6,6,6,6,34.01,1.353,2.221,24.901,6,1,72,1,-1,1,L
281,35,9,18,14,3,2,15,54,4,1,29,0.360618182,0.2412,0.4005,0.906133333,6,6,6,6,19.834,1.206,0.801,27.184,6,1,72,1,-1,1,L
282,35,10,19,20,2,2,19,145,2,1,124,0.420589041,0.500333333,0.7075,0.394312,4,4,4,6,61.406,1.501,1.415,49.289,4.5,0.75,30,1,-1,1,L
283,35,10,20,19,3,2,12,70,2,2,23,0.374422535,0.751,0.408333333,0.821708333,6,6,6,6,26.584,2.253,1.225,19.721,6,0.75,72,1,-1,1,L
284,35,11,21,20,2,2,19,145,1,6,85,0.45189726,1.0195,0.227571429,0.218209302,4,4,4,5,65.977,2.039,1.593,18.766,4.25,0.5,29,1,-1,1,L
285,35,11,22,13,3,15,7,103,3,56,9,0.310769231,0.20625,0.193789474,0.7696,6,6,6,4,32.32,0.825,11.046,7.696,5.5,0.5,40,1,-1,1,L
286,35,12,23,20,3,3,14,66,7,6,41,0.370268657,0.202,0.253428571,0.426428571,6,6,6,5,24.808,1.616,1.774,17.91,5.75,0.75,41,1,-1,1,L
287,35,13,25,20,3,5,18,86,2,5,52,0.451747126,0.500333333,0.219333333,0.576226415,6,6,6,2,39.302,1.501,1.316,30.54,5,0.75,38,1,-1,1,L
288,35,13,26,17,4,2,12,36,3,1,26,0.344027027,0.3255,0.492,0.349444444,6,6,6,6,12.729,1.302,0.984,9.435,6,0.75,72,1,-1,1,L
289,36,1,1,20,10,12,20,566,26,37,137,0.686954145,0.408703704,0.423157895,0.567014493,4,5,4,4,389.503,11.035,16.08,78.248,4.25,0.25,29,0,-1,0,L
290,36,1,2,20,4,20,14,114,7,205,31,0.856808696,0.3645,0.653315534,0.4480625,6,6,4,3,98.533,2.916,134.583,14.338,4.75,0.25,19,0,-1,0,L
291,36,2,3,20,19,3,17,137,135,2,59,0.766362319,0.576955882,1.079333333,0.45925,5,4,4,4,105.758,78.466,3.238,27.555,4.25,0.5,29,0,-1,0,L
292,36,2,4,20,2,5,19,202,2,8,74,0.746039409,0.419,0.188111111,0.538946667,6,6,6,2,151.446,1.257,1.693,40.421,5,0.5,38,0,-1,0,L
293,36,3,5,20,4,4,19,76,3,5,94,1.121766234,0.591,0.551833333,0.605505263,3,3,5,6,86.376,2.364,3.311,57.523,4.25,0.25,17,1,-1,1,L
294,36,3,6,18,13,20,20,52,39,110,122,0.349264151,0.399325,0.60918018,0.591772358,6,6,6,5,18.511,15.973,67.619,72.788,5.75,0.25,41,1,-1,1,L
295,36,4,7,20,15,5,6,126,40,7,8,0.471409449,0.436414634,0.2595,0.123888889,3,4,6,6,59.869,17.893,2.076,1.115,4.75,0,19,1,-1,1,L
296,36,4,8,20,11,3,4,194,14,2,10,0.57914359,0.667133333,0.488,0.268363636,6,2,3,4,112.933,10.007,1.464,2.952,3.75,0,15,1,-1,1,L
297,36,5,9,7,15,15,16,9,34,24,82,0.4185,0.293371429,0.93196,0.309698795,6,6,4,4,4.185,10.268,23.299,25.705,5,0,20,1,-1,1,L
298,36,5,10,17,20,12,16,37,132,32,59,0.894578947,0.376819549,0.561212121,0.488033333,6,4,6,3,33.994,50.117,18.52,29.282,4.75,0,19,1,-1,1,L
299,36,6,11,11,18,12,13,69,134,36,111,0.212,0.308688889,0.595648649,0.281526786,6,6,6,2,14.84,41.673,22.039,31.531,5,0.25,38,1,-1,1,L
300,36,6,12,20,4,20,2,240,5,369,2,0.390659751,0.202333333,0.261345946,0.41,6,6,3,3,94.149,1.214,96.698,1.23,4.5,0.25,18,1,-1,1,L
301,36,7,13,17,19,3,2,38,68,5,2,0.531538462,0.410826087,0.377333333,0.589,6,2,5,3,20.73,28.347,2.264,1.767,4,0.25,16,1,-1,1,L
302,36,7,14,9,6,13,17,12,5,20,86,0.459769231,0.767833333,0.603047619,0.626298851,6,6,6,3,5.977,4.607,12.664,54.488,5.25,0.25,39,1,-1,1,L
303,39,1,2,17,3,3,2,134,7,3,1,0.53457037,0.1745,0.36325,0.957,4,4,4,4,72.167,1.396,1.453,1.914,4,1,48,0,-1,0,L
304,39,2,3,18,4,5,9,117,6,4,45,0.422322034,0.206,0.3994,0.364847826,4,4,4,5,49.834,1.442,1.997,16.783,4.25,0.25,29,0,-1,0,L
305,39,2,4,19,5,3,18,338,4,2,116,0.328684366,0.4384,0.616333333,0.316179487,3,3,6,6,111.424,2.192,1.849,36.993,4.5,0.25,18,0,-1,0,L
306,39,3,5,20,5,7,7,162,6,7,7,0.449619632,0.239857143,0.600875,0.32,2,2,2,2,73.288,1.679,4.807,2.56,2,1,24,0,-1,0,L
307,39,3,6,20,6,16,20,252,5,72,66,0.27956917,0.8555,0.342054795,0.542432836,6,6,6,6,70.731,5.133,24.97,36.343,6,1,72,0,-1,0,L
308,39,4,8,20,3,9,13,204,2,15,14,0.453097561,1.090333333,0.41175,0.6884,2,5,2,2,92.885,3.271,6.588,10.326,2.75,0.25,17,0,-1,0,L
309,39,5,9,16,4,2,13,65,4,1,52,0.412727273,0.3284,0.604,0.432509434,3,3,3,4,27.24,1.642,1.208,22.923,3.25,0.5,22,1,-1,1,L
310,39,5,10,20,3,18,11,111,3,120,39,0.455589286,0.42075,0.537033058,0.567125,6,6,6,4,51.026,1.683,64.981,22.685,5.5,0.5,40,1,-1,1,L
311,39,6,11,20,5,12,15,175,8,24,59,0.317426136,0.699777778,0.22504,0.42905,3,3,3,2,55.867,6.298,5.626,25.743,2.75,0.75,20,1,-1,1,L
312,39,7,13,20,10,11,19,108,21,16,100,0.647844037,0.413409091,0.57,0.424356436,3,5,5,5,70.615,9.095,9.69,42.86,4.5,0.5,33,1,-1,1,L
313,39,7,14,20,16,10,17,232,29,19,51,0.514064378,0.4657,0.67945,0.591519231,3,3,3,5,119.777,13.971,13.589,30.759,3.5,0.5,23,1,-1,1,L
314,39,8,15,20,2,19,4,124,2,88,3,0.521176,0.850333333,0.574303371,0.3735,5,6,6,6,65.147,2.551,51.113,1.494,5.75,0.25,41,1,-1,1,L
315,39,8,16,16,9,17,9,63,34,52,36,0.48053125,0.564971429,0.628528302,0.358756757,6,2,6,2,30.754,19.774,33.312,13.274,4,0.25,16,1,-1,1,L
316,39,9,17,17,14,3,16,155,79,4,70,0.421884615,0.5256125,0.645,0.475971831,5,4,4,3,65.814,42.049,3.225,33.794,4,0.5,16,1,-1,1,L
317,39,9,18,18,7,4,13,301,19,5,47,0.347165563,0.22815,0.329666667,0.331,4,4,4,4,104.844,4.563,1.978,15.888,4,0.5,48,1,-1,1,L
318,39,10,19,17,2,7,17,65,1,25,52,0.370045455,0.825,0.406038462,0.515339623,5,2,5,5,24.423,1.65,10.557,27.313,4.25,0.25,32,1,-1,1,L
319,39,10,20,20,4,18,17,81,3,113,95,0.409304878,0.57575,0.581342105,0.355229167,6,6,2,3,33.563,2.303,66.273,34.102,4.25,0.25,17,1,-1,1,L
320,39,11,21,14,5,13,20,32,17,25,80,0.268272727,0.324444444,0.614384615,0.684407407,5,5,3,5,8.853,5.84,15.974,55.437,4.5,0.25,33,1,-1,1,L
321,39,11,22,15,5,20,9,51,5,122,37,0.303788462,0.168833333,0.556894309,0.417368421,6,6,3,5,15.797,1.013,68.498,15.86,5,0.25,20,1,-1,1,L
322,40,1,1,18,14,8,4,45,53,11,4,1.021782609,0.858333333,1.219083333,0.636,5,6,3,3,47.002,46.35,14.629,3.18,4.25,0.25,17,0,-1,0,L
323,40,1,2,18,6,13,12,28,9,34,44,0.637172414,1.2438,0.845028571,0.935133333,4,4,4,2,18.478,12.438,29.576,42.081,3.5,0.25,26,0,-1,0,L
324,40,2,3,11,2,12,8,45,1,34,10,0.890478261,0.3825,0.798028571,0.831090909,3,3,3,5,40.962,0.765,27.931,9.142,3.5,0.25,23,0,-1,0,L
325,40,2,4,17,9,3,3,41,43,9,3,0.466833333,0.476977273,1.1429,1.039,3,2,2,3,19.607,20.987,11.429,4.156,2.5,0.25,10,0,-1,0,L
326,40,3,5,14,19,3,5,48,131,11,6,1.080489796,0.549856061,0.276333333,0.436714286,5,3,2,5,52.944,72.581,3.316,3.057,3.75,0.25,15,0,-1,0,L
327,40,3,6,19,7,13,11,141,10,67,21,0.512591549,0.110454545,0.383617647,0.532318182,2,2,2,5,72.788,1.215,26.086,11.711,2.75,0.25,17,0,-1,0,L
328,40,4,7,19,2,7,17,115,1,18,35,0.46112069,0.2905,0.464421053,0.669194444,3,3,5,3,53.49,0.581,8.824,24.091,3.5,0.25,23,0,-1,0,L
329,40,4,8,12,4,9,12,74,6,19,46,0.715973333,0.430428571,0.8023,0.545106383,3,4,3,2,53.698,3.013,16.046,25.62,3,0.25,12,0,-1,0,L
330,40,5,9,20,11,4,3,85,24,3,2,1.483313953,1.141,0.84675,1.152,4,5,5,2,127.565,28.525,3.387,3.456,4,0,16,1,-1,1,L
331,40,5,10,19,4,5,3,46,3,7,4,0.846787234,2.78925,0.337,1.0862,4,2,6,5,39.799,11.157,2.696,5.431,4.25,0,17,1,-1,1,L
332,40,6,12,14,5,6,3,17,26,14,2,1.073944444,0.557444444,0.8238,0.661666667,4,4,2,3,19.331,15.051,12.357,1.985,3.25,0,13,1,-1,1,L
333,40,7,13,20,4,3,4,103,4,3,3,0.773163462,0.4404,0.33425,0.31,3,4,3,3,80.409,2.202,1.337,1.24,3.25,0.5,22,1,-1,1,L
334,40,7,14,20,2,3,5,76,2,3,18,1.182558442,0.516,1.231,0.392842105,3,3,2,3,91.057,1.548,4.924,7.464,2.75,0.5,20,1,-1,1,L
335,41,1,1,20,5,2,11,95,4,2,18,1.175989583,0.7528,0.731666667,0.997842105,3,3,3,4,112.895,3.764,2.195,18.959,3.25,0.5,22,0,-1,0,L
336,41,1,2,20,3,3,9,57,6,2,19,1.270465517,0.478857143,0.549666667,1.22275,5,5,5,6,73.687,3.352,1.649,24.455,5.25,0.5,36,0,-1,0,L
337,41,2,3,20,11,5,4,62,14,8,3,1.346238095,1.345066667,0.958888889,1.006,6,2,6,2,84.813,20.176,8.63,4.024,4,0,16,0,-1,0,L
338,41,2,4,8,8,8,3,10,16,10,5,1.563363636,1.006823529,1.394636364,1.3765,6,6,3,2,17.197,17.116,15.341,8.259,4.25,0,17,0,-1,0,L
339,41,3,5,20,5,18,3,40,7,45,6,1.125512195,0.786375,1.00123913,0.329428571,5,5,2,4,46.146,6.291,46.057,2.306,4,0.25,16,0,-1,0,L
340,41,3,6,8,8,2,10,13,9,1,22,0.669571429,1.6006,2.9425,0.91973913,5,5,3,5,9.374,16.006,5.885,21.154,4.5,0.25,33,0,-1,0,L
341,41,4,7,8,9,18,7,10,13,21,9,0.309818182,0.781928571,1.603272727,1.7822,5,5,5,6,3.408,10.947,35.272,17.822,5.25,0.25,36,0,-1,0,L
342,41,4,8,16,5,10,4,34,13,13,3,1.692914286,0.278928571,1.047928571,0.2595,3,3,4,5,59.252,3.905,14.671,1.038,3.75,0.25,15,0,-1,0,L
343,41,5,9,13,3,10,15,33,2,10,27,0.724264706,0.234333333,1.721272727,0.68825,3,3,3,5,24.625,0.703,18.934,19.271,3.5,0.25,23,0,-1,0,L
344,41,5,10,20,2,8,8,53,1,13,10,0.869,1.3955,0.697642857,0.625,6,2,2,5,46.926,2.791,9.767,6.875,3.75,0.25,15,0,-1,0,L
345,41,6,11,20,2,7,7,75,1,8,6,0.650881579,1.0355,0.477777778,0.665714286,5,5,5,5,49.467,2.071,4.3,4.66,5,0.5,60,1,-1,1,L
346,41,6,12,20,3,9,5,42,2,14,7,0.815627907,0.706666667,0.8394,0.2555,4,4,3,5,35.072,2.12,12.591,2.044,4,0.5,16,1,-1,1,L
347,41,7,13,20,2,4,12,81,1,3,82,0.597707317,0.2155,1.26725,0.183301205,6,6,6,4,49.012,0.431,5.069,15.214,5.5,0.5,40,1,-1,1,L
348,41,8,15,14,17,2,5,43,32,1,4,0.620159091,0.631545455,0.6135,0.4292,4,5,2,3,27.287,20.841,1.227,2.146,3.5,0.25,14,1,-1,1,L
349,41,8,16,7,18,13,11,8,57,32,10,1.514777778,0.705948276,0.792727273,1.175272727,5,5,5,4,13.633,40.945,26.16,12.928,4.75,0.25,34,1,-1,1,L
350,41,9,17,12,4,4,15,42,5,3,25,0.474976744,1.216,0.914,0.863769231,2,6,6,4,20.424,7.296,3.656,22.458,4.5,0,18,1,-1,1,L
351,41,10,19,9,2,20,5,15,1,88,6,0.3193125,0.324,0.474853933,0.490428571,6,6,5,5,5.109,0.648,42.262,3.433,5.5,0.25,22,1,-1,1,L
352,41,10,20,19,6,17,5,95,12,23,14,0.428041667,0.562307692,0.970875,0.4428,5,4,4,4,41.092,7.31,23.301,6.642,4.25,0.25,29,1,-1,1,L
353,41,11,21,5,6,11,7,13,7,14,8,0.593285714,0.647375,1.090666667,0.877,5,2,6,5,8.306,5.179,16.36,7.893,4.5,0.25,18,1,-1,1,L
354,41,11,22,20,2,2,10,46,1,1,26,0.773191489,0.2355,0.385,0.423037037,5,5,5,3,36.34,0.471,0.77,11.422,4.5,0.25,33,1,-1,1,L
355,45,1,1,20,7,5,19,296,11,5,127,0.477784512,0.533916667,0.706,0.3653125,5,6,5,5,141.902,6.407,4.236,46.76,5.25,0.25,36,0,-1,0,LH
356,45,2,3,20,3,4,19,273,2,11,110,0.249149635,0.771333333,0.164833333,0.259513514,6,3,6,3,68.267,2.314,1.978,28.806,4.5,0.25,18,0,-1,0,LH
357,45,2,4,20,3,11,19,261,3,35,61,0.377881679,0.5355,0.255777778,0.34766129,4,4,4,5,99.005,2.142,9.208,21.555,4.25,0.25,29,0,-1,0,LH
358,45,3,5,20,5,2,2,246,4,1,1,0.369708502,0.6636,0.4225,1.1085,3,3,3,5,91.318,3.318,0.845,2.217,3.5,0.25,23,0,-1,0,LH
359,45,4,7,20,8,6,17,268,10,10,35,0.479275093,0.366,0.334363636,0.436055556,2,2,2,3,128.925,4.026,3.678,15.698,2.25,0.5,15,0,-1,0,LH
360,45,4,8,20,20,2,14,222,100,1,19,0.381636771,0.46429703,0.973,0.626,2,5,2,2,85.105,46.894,1.946,12.52,2.75,0.5,17,0,-1,0,LH
361,45,5,9,20,3,2,19,207,3,1,93,0.548182692,0.3315,1.3055,0.614297872,6,6,6,4,114.022,1.326,2.611,57.744,5.5,0.75,40,0,-1,1,LH
362,45,6,11,20,6,6,18,189,6,7,91,0.387431579,0.351857143,0.262125,0.32951087,6,6,6,4,73.612,2.463,2.097,30.315,5.5,0.25,40,0,-1,1,LH
363,45,6,12,20,13,4,17,199,27,3,87,0.385535,0.254785714,0.4545,0.293931818,2,6,6,4,77.107,7.134,1.818,25.866,4.5,0.25,18,0,-1,1,LH
364,45,7,13,20,4,6,16,168,8,15,26,0.484798817,0.157555556,0.236875,0.92062963,6,6,6,6,81.931,1.418,3.79,24.857,6,0.75,72,0,-1,1,LH
365,45,8,15,20,8,2,7,130,15,7,8,0.616007634,0.6971875,1.353625,1.377222222,6,6,4,6,80.697,11.155,10.829,12.395,5.5,0.5,40,0,-1,1,LH
366,45,8,16,20,5,14,16,56,5,30,34,0.551385965,0.290166667,0.344322581,0.763171429,6,6,6,4,31.429,1.741,10.674,26.711,5.5,0.5,40,0,-1,1,LH
367,45,9,17,20,10,7,20,300,15,10,109,0.379906977,0.177375,0.72,0.448327273,4,4,4,3,114.352,2.838,7.92,49.316,3.75,0.5,27,0,-1,1,LH
368,45,10,19,20,2,6,16,395,1,11,89,0.223320707,0.421,0.198583333,0.4303,6,6,6,3,88.435,0.842,2.383,38.727,5.25,0.75,39,0,-1,1,LH
369,45,10,20,18,3,3,17,95,3,2,59,0.370041667,0.404,0.454333333,0.561183333,6,6,6,6,35.524,1.616,1.363,33.671,6,0.75,72,0,-1,1,LH
370,50,1,1,20,9,18,18,1049,58,87,83,0.209099048,0.172152542,0.29675,0.269,4,4,4,2,219.554,10.157,26.114,22.596,3.5,0.5,26,0,-1,0,LH
371,50,1,2,19,5,18,18,149,4,90,84,0.308506667,0.2946,0.228032967,0.396623529,4,4,5,4,46.276,1.473,20.751,33.713,4.25,0.5,29,0,-1,0,LH
372,50,2,3,20,6,17,17,368,11,81,76,0.270121951,0.36,0.248402439,0.26074026,4,4,4,4,99.675,4.32,20.369,20.077,4,1,48,0,-1,0,LH
373,50,2,4,16,6,5,6,81,7,13,23,0.260817073,0.32075,0.2635,0.345583333,6,6,6,6,21.387,2.566,3.689,8.294,6,1,72,0,-1,0,LH
374,50,3,5,20,8,3,12,73,14,6,30,0.641202703,0.2992,0.300142857,0.272451613,3,3,3,3,47.449,4.488,2.101,8.446,3,0.75,36,0,-1,0,LH
375,50,3,6,20,6,20,14,104,14,107,37,0.395380952,0.261333333,0.477564815,0.560289474,2,2,3,2,41.515,3.92,51.577,21.291,2.25,0.75,15,0,-1,0,LH
376,50,4,7,20,3,6,2,114,2,5,4,0.369817391,0.728333333,1.016,0.394,6,6,6,6,42.529,2.185,6.096,1.97,6,0.75,72,0,-1,0,LH
377,50,4,8,20,15,18,12,137,40,72,50,0.389202899,0.676609756,0.527424658,0.399313725,6,6,5,6,53.71,27.741,38.502,20.365,5.75,0.75,41,0,-1,0,LH
378,50,5,9,19,5,4,5,172,4,9,4,0.508219653,0.3976,0.7519,1.295,4,4,4,4,87.922,1.988,7.519,6.475,4,1,48,0,-1,1,LH
379,50,5,10,19,3,17,19,112,3,44,50,0.542230088,0.7415,0.463666667,0.651431373,6,6,6,6,61.272,2.966,20.865,33.223,6,1,72,0,-1,1,LH
380,50,6,11,20,5,10,19,180,15,15,121,0.351331492,0.3620625,0.291375,0.406893443,4,4,4,3,63.591,5.793,4.662,49.641,3.75,0.75,27,0,-1,1,LH
381,50,6,12,20,2,4,19,174,1,3,252,0.278537143,0.714,0.463,0.261944664,2,2,2,2,48.744,1.428,1.852,66.272,2,0.75,24,0,-1,1,LH
382,50,7,13,20,5,3,20,100,6,10,350,0.380108911,0.260142857,0.307636364,0.432361823,6,6,6,2,38.391,1.821,3.384,151.759,5,0.25,38,0,-1,1,LH
383,50,7,14,17,3,20,5,56,4,189,6,0.385087719,0.2026,0.449489474,0.823857143,4,4,3,2,21.95,1.013,85.403,5.767,3.25,0.25,13,0,-1,1,LH
384,50,8,15,20,2,3,12,240,4,4,21,0.431614108,0.3952,0.2768,0.600045455,4,4,4,4,104.019,1.976,1.384,13.201,4,1,48,0,-1,1,LH
385,50,8,16,20,5,18,19,143,8,44,78,0.426083333,0.231,0.316155556,0.364924051,6,6,6,6,61.356,2.079,14.227,28.829,6,1,72,0,-1,1,LH
386,50,9,17,20,8,17,6,163,13,58,27,0.47102439,0.641285714,0.594576271,0.405642857,5,5,2,5,77.248,8.978,35.08,11.358,4.25,0.25,32,0,-1,1,LH
387,50,9,18,20,8,17,2,73,13,56,1,0.515932432,0.700928571,0.371491228,1.696,5,6,2,6,38.179,9.813,21.175,3.392,4.75,0.25,19,0,-1,1,LH
388,50,10,19,20,7,11,13,168,9,27,48,0.440059172,0.4015,0.326321429,0.27255102,6,6,6,5,74.37,4.015,9.137,13.355,5.75,0.75,41,0,-1,1,LH
389,50,10,20,20,4,3,18,119,4,2,49,0.427525,0.3546,0.341,0.31738,3,3,3,3,51.303,1.773,1.023,15.869,3,0.75,36,0,-1,1,LH
390,51,1,1,20,5,15,6,279,8,61,13,0.495603571,0.284,0.511370968,0.305714286,4,3,3,3,138.769,2.556,31.705,4.28,3.25,0.75,22,0,-1,0,LH
391,51,1,2,20,2,2,3,106,1,1,6,0.658383178,0.8755,1.092,0.336857143,4,4,4,4,70.447,1.751,2.184,2.358,4,0.75,48,0,-1,0,LH
392,51,2,3,20,5,6,12,172,8,23,20,0.463953757,0.331666667,0.387208333,0.678380952,3,2,3,3,80.264,2.985,9.293,14.246,2.75,0.5,20,0,-1,0,LH
393,51,2,4,20,7,18,9,170,11,52,11,0.50277193,0.219833333,0.500924528,0.698833333,6,6,5,6,85.974,2.638,26.549,8.386,5.75,0.5,41,0,-1,0,LH
394,51,3,5,20,6,4,7,152,7,9,33,0.40369281,0.46725,0.7927,0.290794118,2,2,4,6,61.765,3.738,7.927,9.887,3.5,0.25,14,0,-1,0,LH
395,51,3,6,20,4,7,15,153,3,8,34,0.410831169,0.6395,0.320222222,0.401828571,3,3,3,4,63.268,2.558,2.882,14.064,3.25,0.25,22,0,-1,0,LH
396,51,4,7,20,5,16,13,107,15,36,36,0.544435185,0.236,0.477135135,0.374189189,5,2,5,4,58.799,3.776,17.654,13.845,4,0,16,0,-1,0,LH
397,51,4,8,20,14,17,14,129,34,40,31,0.522546154,0.409914286,0.432243902,0.46521875,3,3,5,2,67.931,14.347,17.722,14.887,3.25,0,13,0,-1,0,LH
398,51,5,9,20,13,7,8,258,26,14,24,0.349196911,0.310925926,0.458666667,0.38428,3,5,3,4,90.442,8.395,6.88,9.607,3.75,0.5,15,0,-1,0,LH
399,51,5,10,20,4,2,3,178,3,3,2,0.37396648,0.49125,0.56175,1.188666667,4,4,4,4,66.94,1.965,2.247,3.566,4,0.5,48,0,-1,0,LH
400,51,6,11,20,3,12,8,146,2,30,13,0.560217687,1.209,0.320935484,0.363,5,5,5,2,82.352,3.627,9.949,5.082,4.25,0.25,32,0,-1,1,LH
401,51,6,12,20,5,4,5,140,5,6,9,0.417198582,0.3555,0.983142857,0.6481,5,5,6,2,58.825,2.133,6.882,6.481,4.5,0.25,18,0,-1,1,LH
402,51,7,13,20,10,7,13,279,29,16,46,0.303403571,0.201633333,0.279235294,0.236404255,2,6,6,6,84.953,6.049,4.747,11.111,5,0.25,38,0,-1,1,LH
403,51,7,14,20,19,13,8,162,51,19,15,0.351907975,0.334115385,0.3729,0.224125,2,6,4,6,57.361,17.374,7.458,3.586,4.5,0.25,18,0,-1,1,LH
404,51,8,15,20,10,8,11,173,26,11,24,0.302574713,0.315,0.7445,0.33172,6,5,6,6,52.648,8.505,8.934,8.293,5.75,0.25,41,0,-1,1,LH
405,51,8,16,10,18,4,9,36,69,3,11,0.232162162,0.643442857,1.5165,0.421916667,5,5,3,6,8.59,45.041,6.066,5.063,4.75,0.25,19,0,-1,1,LH
406,51,9,17,20,10,4,17,125,21,9,31,0.526119048,0.256409091,0.4176,0.66659375,3,3,3,3,66.291,5.641,4.176,21.331,3,0.75,36,0,-1,1,LH
407,51,9,18,20,5,16,4,87,5,36,4,0.491090909,0.955833333,0.69372973,0.3938,6,6,4,6,43.216,5.735,25.668,1.969,5.5,0.75,40,0,-1,1,LH
408,51,10,19,20,2,5,5,282,1,18,10,0.253837456,0.5995,0.216,0.318363636,6,5,5,6,71.836,1.199,4.104,3.502,5.5,0.25,22,0,-1,1,LH
409,51,10,20,20,2,4,6,156,2,3,7,0.390414013,0.570666667,0.768,0.691,3,6,6,6,61.295,1.712,3.072,5.528,5.25,0.25,39,0,-1,1,LH
410,51,11,21,20,5,4,12,264,5,5,36,0.221637736,0.265833333,0.2585,0.298783784,6,6,6,6,58.734,1.595,1.551,11.055,6,0.5,72,0,-1,1,LH
411,51,11,22,20,2,6,7,71,1,10,7,0.627958333,1.0295,0.406636364,0.308375,4,6,6,3,45.213,2.059,4.473,2.467,4.75,0.5,19,0,-1,1,LH
412,54,1,1,20,7,14,3,211,9,17,2,0.882504717,0.5386,0.479277778,0.875333333,3,3,3,3,187.091,5.386,8.627,2.626,3,0.75,36,0,-1,0,Lc
413,54,1,2,20,2,10,9,167,1,21,22,0.551892857,0.889,0.572,0.614782609,4,4,4,6,92.718,1.778,12.584,14.14,4.5,0.75,30,0,-1,0,Lc
414,54,2,3,20,3,6,9,103,2,8,9,0.994442308,0.422,0.950111111,0.9333,6,6,2,2,103.422,1.266,8.551,9.333,4,0.25,16,0,-1,0,Lc
415,54,3,5,20,4,2,16,100,5,1,20,0.644920792,0.630833333,0.9035,0.876380952,3,3,3,5,65.137,3.785,1.807,18.404,3.5,0.5,23,0,-1,0,Lc
416,54,3,6,20,7,2,17,100,11,1,43,0.821722772,0.282333333,0.467,0.529727273,6,6,6,5,82.994,3.388,0.934,23.308,5.75,0.5,41,0,-1,0,Lc
417,54,4,7,20,3,4,9,192,2,3,15,0.562336788,0.543333333,0.42925,0.4195,3,3,3,5,108.531,1.63,1.717,6.712,3.5,0.5,23,0,-1,0,Lc
418,54,4,8,20,5,16,11,174,8,46,23,0.550965714,0.204222222,0.440106383,0.452583333,2,2,2,3,96.419,1.838,20.685,10.862,2.25,0.5,15,0,-1,0,Lc
419,54,5,9,20,3,2,6,163,4,1,10,0.761304878,0.5738,0.7075,0.703272727,3,3,3,3,124.854,2.869,1.415,7.736,3,1,36,0,-1,1,Lc
420,54,6,11,20,11,5,20,357,35,9,93,0.36674581,0.362777778,0.3554,0.390308511,6,6,6,6,131.295,13.06,3.554,36.689,6,1,72,0,-1,1,Lc
421,54,7,13,6,19,14,6,15,22,40,6,0.291375,0.585130435,0.712560976,1.020714286,6,6,6,6,4.662,13.458,29.215,7.145,6,0.75,72,0,-1,1,Lc
422,54,7,14,9,18,8,5,21,50,19,10,0.517318182,0.408156863,0.594,0.239181818,6,6,5,6,11.381,20.816,11.88,2.631,5.75,0.75,41,0,-1,1,Lc
423,54,8,15,7,15,6,18,11,22,5,55,0.656416667,0.406913043,1.195166667,0.774303571,6,6,6,6,7.877,9.359,7.171,43.361,6,1,72,0,-1,1,Lc
424,54,8,16,5,8,7,17,9,9,13,48,0.7805,0.5815,0.635285714,0.733959184,6,6,6,6,7.805,5.815,8.894,35.964,6,1,72,0,-1,1,Lc
425,54,9,17,13,5,3,9,33,4,2,16,0.313411765,0.283,0.478,0.383058824,6,6,6,6,10.656,1.415,1.434,6.512,6,1,72,0,-1,1,Lc
426,54,9,18,7,14,12,17,11,21,26,31,0.816,0.647181818,0.478518519,0.6963125,6,6,6,6,9.792,14.238,12.92,22.282,6,1,72,0,-1,1,Lc
427,54,10,19,4,11,5,14,4,13,5,22,0.441,0.770928571,0.499,0.457782609,6,6,6,6,2.205,10.793,2.994,10.529,6,1,72,0,-1,1,Lc
428,54,10,20,6,16,6,2,7,29,8,1,0.462875,0.669766667,0.499888889,0.6055,6,6,6,6,3.703,20.093,4.499,1.211,6,1,72,0,-1,1,Lc
429,54,11,21,18,5,2,20,58,5,9,39,0.379745763,0.353,0.2174,0.67265,6,6,6,6,22.405,2.118,2.174,26.906,6,1,72,0,-1,1,Lc
430,54,11,22,16,7,9,15,21,10,18,35,0.697409091,0.445363636,0.686631579,0.620222222,6,6,6,6,15.343,4.899,13.046,22.328,6,1,72,0,-1,1,Lc
431,54,12,23,14,13,9,20,39,30,20,36,0.375175,0.497741935,0.544380952,0.830027027,6,6,6,6,15.007,15.43,11.432,30.711,6,1,72,0,-1,1,Lc
432,54,12,24,3,16,9,14,2,21,23,29,0.672,0.618681818,0.452791667,0.610533333,6,6,6,6,2.016,13.611,10.867,18.316,6,1,72,0,-1,1,Lc
433,55,1,1,20,4,10,7,167,3,16,12,1.088107143,0.4325,0.948058824,0.831923077,6,6,5,5,182.802,1.73,16.117,10.815,5.5,0.5,22,0,-1,0,Lc
434,55,1,2,18,3,4,16,100,2,4,53,0.413237624,0.511333333,0.5326,0.632203704,4,4,4,4,41.737,1.534,2.663,34.139,4,0.5,48,0,-1,0,Lc
435,55,2,3,20,8,17,12,65,21,63,25,1.047969697,0.321545455,0.751421875,0.660230769,5,4,2,4,69.166,7.074,48.091,17.166,3.75,0,15,0,-1,0,Lc
436,55,2,4,20,10,8,17,124,17,21,52,0.758424,0.343666667,0.684772727,0.684867925,3,5,5,3,94.803,6.186,15.065,36.298,4,0,16,0,-1,0,Lc
437,55,3,5,20,3,2,20,173,3,3,155,0.404086207,0.5815,0.347,0.320512821,5,5,5,6,70.311,2.326,1.388,50,5.25,0.5,36,0,-1,0,Lc
438,55,3,6,15,5,5,14,82,5,4,64,0.442072289,0.261,0.2914,0.715415385,3,3,3,5,36.692,1.566,1.457,46.502,3.5,0.5,23,0,-1,0,Lc
439,55,4,7,20,3,5,11,125,3,6,25,0.694920635,0.6015,0.345285714,0.898730769,3,3,3,3,87.56,2.406,2.417,23.367,3,1,36,0,-1,0,Lc
440,55,4,8,19,4,4,9,116,3,3,17,0.622632479,0.389,0.371,0.734388889,5,5,5,5,72.848,1.556,1.484,13.219,5,1,60,0,-1,0,Lc
441,55,5,9,20,3,13,13,115,3,23,22,0.633172414,0.7755,0.590666667,1.009478261,2,2,2,2,73.448,3.102,14.176,23.218,2,0.75,24,0,-1,1,Lc
442,55,5,10,19,4,6,18,63,5,7,105,0.639734375,0.3415,0.4015,0.581632075,6,6,6,2,40.943,2.049,3.212,61.653,5,0.75,38,0,-1,1,Lc
443,55,6,12,20,3,15,10,82,7,28,20,0.769662651,0.15125,1.022655172,0.835047619,3,3,3,5,63.882,1.21,29.657,17.536,3.5,0.75,23,0,-1,1,Lc
444,55,7,14,20,5,15,12,90,4,17,36,0.729967033,1.5744,1.317555556,0.703297297,5,5,3,5,66.427,7.872,23.716,26.022,4.5,0.75,33,0,-1,1,Lc
445,55,8,15,18,6,10,15,129,9,18,58,0.630015385,0.212,1.097157895,0.581728814,5,5,2,5,81.902,2.12,20.846,34.322,4.25,0.75,32,0,-1,1,Lc
446,55,8,16,20,3,4,19,96,3,4,37,0.813865979,0.3395,0.6942,0.872921053,6,6,6,6,78.945,1.358,3.471,33.171,6,0.75,72,0,-1,1,Lc
447,55,9,17,20,8,4,8,111,16,4,11,0.883633929,0.575058824,0.287,0.764583333,2,5,5,5,98.967,9.776,1.435,9.175,4.25,0.75,32,0,-1,1,Lc
448,55,10,19,19,4,2,17,230,5,1,121,0.278852814,0.402333333,2.066,0.210344262,5,5,4,2,64.415,2.414,4.132,25.662,4,0.25,16,0,-1,1,Lc
449,55,10,20,10,8,7,6,40,72,68,60,0.167195122,0.327493151,0.133304348,0.140196721,5,5,5,3,6.855,23.907,9.198,8.552,4.5,0.25,33,0,-1,1,Lc
450,55,11,21,17,7,5,18,58,9,13,44,0.459728814,0.1377,1.057071429,0.649577778,6,6,6,2,27.124,1.377,14.799,29.231,5,0.5,38,0,-1,1,Lc
451,55,11,22,9,6,7,18,32,8,12,39,0.491818182,0.277555556,0.541769231,0.804725,6,6,6,4,16.23,2.498,7.043,32.189,5.5,0.5,40,0,-1,1,Lc
452,61,1,1,17,4,7,9,475,8,11,16,0.319331933,0.657666667,0.317916667,0.227647059,3,3,4,3,152.002,5.919,3.815,3.87,3.25,0.75,22,0,-1,0,Lc
453,61,1,2,17,4,7,16,100,5,7,127,0.437445545,0.233,0.373875,0.275390625,3,3,3,3,44.182,1.398,2.991,35.25,3,0.75,36,0,-1,0,Lc
454,61,2,3,20,6,14,2,347,9,19,2,0.346206897,0.4546,0.63345,0.989666667,2,5,6,6,120.48,4.546,12.669,2.969,4.75,0.5,19,0,-1,0,Lc
455,61,2,4,20,5,5,3,237,6,4,3,0.23212605,0.488,0.7896,0.792,3,3,3,3,55.246,3.416,3.948,3.168,3,0.5,36,0,-1,0,Lc
456,61,3,5,20,3,5,17,121,6,8,48,0.387606557,0.139571429,0.395,0.545979592,3,3,3,3,47.288,0.977,3.555,26.753,3,0.5,36,0,-1,0,Lc
457,61,3,6,20,4,20,13,121,5,79,23,0.324360656,0.689166667,0.447125,0.613875,5,5,4,4,39.572,4.135,35.77,14.733,4.5,0.5,18,0,-1,0,Lc
458,61,4,7,20,14,6,3,137,28,6,2,0.51607971,0.497827586,0.602,1.131,4,4,3,2,71.219,14.437,4.214,3.393,3.25,0.25,13,0,-1,0,Lc
459,61,4,8,20,13,16,16,232,43,29,42,0.362540773,0.347090909,0.3771,0.577651163,2,2,2,4,84.472,15.272,11.313,24.839,2.5,0.25,16,0,-1,0,Lc
460,61,5,9,19,8,19,10,151,8,85,25,0.329052632,0.307333333,0.447023256,0.171115385,5,5,2,5,50.016,2.766,38.444,4.449,4.25,0.75,32,0,-1,0,Lc
461,61,5,10,13,4,5,20,36,4,6,191,0.340783784,0.3938,0.490142857,0.367927083,6,6,6,6,12.609,1.969,3.431,70.642,6,0.75,72,0,-1,0,Lc
462,61,6,11,14,4,12,20,78,10,18,83,0.243278481,0.493090909,0.690368421,0.396821429,6,6,6,6,19.219,5.424,13.117,33.333,6,0.5,72,0,-1,1,Lc
463,61,6,12,17,3,18,7,89,3,90,17,0.405266667,0.95825,0.459274725,0.363555556,5,5,4,2,36.474,3.833,41.794,6.544,4,0.5,16,0,-1,1,Lc
464,61,7,13,18,14,19,17,64,44,66,45,0.346569231,0.149488889,0.489044776,0.708934783,5,5,5,3,22.527,6.727,32.766,32.611,4.5,0.75,33,0,-1,1,Lc
465,61,7,14,18,5,12,10,67,4,41,52,0.402911765,0.4912,0.396428571,0.270962264,6,6,6,6,27.398,2.456,16.65,14.361,6,0.75,72,0,-1,1,Lc
466,61,8,15,20,5,17,18,112,4,46,90,0.455938053,0.6036,0.329638298,0.355494505,5,5,5,2,51.521,3.018,15.493,32.35,4.25,0.5,32,0,-1,1,Lc
467,61,8,16,15,6,9,20,45,8,16,114,0.279217391,0.315555556,0.340176471,0.272513043,6,6,6,5,12.844,2.84,5.783,31.339,5.75,0.5,41,0,-1,1,Lc
468,61,9,17,11,3,10,20,33,8,29,62,0.368176471,0.237777778,0.233366667,0.53131746,6,6,6,6,12.518,2.14,7.001,33.473,6,0.75,72,0,-1,1,Lc
469,61,9,18,20,5,20,15,84,13,51,100,0.505505882,0.237071429,0.639019231,0.214475248,5,5,2,5,42.968,3.319,33.229,21.662,4.25,0.75,32,0,-1,1,Lc
470,61,10,19,17,6,10,11,69,9,32,41,0.148314286,0.1954,0.349212121,0.352452381,6,6,6,6,10.382,1.954,11.524,14.803,6,1,72,0,-1,1,Lc
471,61,10,20,12,20,15,9,17,144,57,16,0.399722222,0.322717241,0.537103448,0.540117647,6,6,6,6,7.195,46.794,31.152,9.182,6,1,72,0,-1,1,Lc
472,61,11,21,19,18,6,11,63,53,17,34,0.43434375,0.376833333,0.705611111,0.253057143,6,6,6,6,27.798,20.349,12.701,8.857,6,0.75,72,0,-1,1,Lc
473,61,12,23,14,9,3,15,35,30,2,64,0.301055556,0.371322581,0.726,0.268830769,6,6,6,6,10.838,11.511,2.178,17.474,6,1,72,0,-1,1,Lc
474,61,12,24,14,15,10,13,26,32,13,13,0.466296296,0.767484848,0.542857143,0.842071429,6,6,6,6,12.59,25.327,7.6,11.789,6,1,72,0,-1,1,Lc
475,61,13,25,16,10,13,11,34,24,35,21,0.4198,0.3406,0.181777778,0.638181818,6,6,6,4,14.693,8.515,6.544,14.04,5.5,0.5,40,0,-1,1,Lc
476,61,13,26,13,5,14,20,30,10,52,71,0.219580645,0.425,0.208754717,0.519041667,6,6,6,4,6.807,4.675,11.064,37.371,5.5,0.5,40,0,-1,1,Lc
477,62,1,1,20,3,7,20,255,3,11,137,0.821667969,1.04625,0.7425,0.702608696,6,6,6,5,210.347,4.185,8.91,96.96,5.75,0.5,41,0,-1,0,Lc
478,62,1,2,20,3,15,20,232,2,52,90,0.774261803,0.548333333,0.610415094,0.770659341,6,4,4,4,180.403,1.645,32.352,70.13,4.5,0.5,30,0,-1,0,Lc
479,62,2,3,20,2,12,5,161,1,39,4,0.646018519,0.818,0.4326,0.6118,6,5,5,5,104.655,1.636,17.304,3.059,5.25,0.5,36,0,-1,0,Lc
480,62,2,4,20,4,2,19,146,4,3,44,0.725911565,0.3132,0.761,0.887155556,2,2,3,2,106.709,1.566,3.044,39.922,2.25,0.5,15,0,-1,0,Lc
481,62,3,6,20,4,3,12,155,4,2,34,0.698275641,0.3398,0.831333333,0.639085714,6,6,6,6,108.931,1.699,2.494,22.368,6,0.5,72,0,-1,0,Lc
482,62,4,7,14,7,4,16,82,7,3,58,0.662277108,0.089,0.316,0.446372881,3,3,3,3,54.969,0.712,1.264,26.336,3,0.5,36,0,-1,1,Lc
483,62,4,8,20,6,18,14,207,15,38,39,0.614980769,0.189,0.896615385,0.470525,5,5,3,2,127.916,3.024,34.968,18.821,3.75,0.5,15,0,-1,1,Lc
484,62,5,9,20,2,6,14,114,2,6,34,0.656991304,0.385,0.258285714,0.314771429,4,4,2,4,75.554,1.155,1.808,11.017,3.5,0.75,26,0,-1,1,Lc
485,62,5,10,20,4,4,4,146,9,4,4,0.671265306,0.1704,0.2512,0.238,2,2,2,2,98.676,1.704,1.256,1.19,2,0.75,24,0,-1,1,Lc
486,62,6,11,20,7,4,19,173,9,7,88,0.673798851,0.3308,0.253375,0.644685393,3,3,2,4,117.241,3.308,2.027,57.377,3,0.5,12,0,-1,1,Lc
487,62,6,12,19,12,8,6,99,31,8,12,0.64132,0.3685,0.521222222,0.093307692,3,3,3,3,64.132,11.792,4.691,1.213,3,0.5,36,0,-1,1,Lc
488,62,7,13,20,6,9,12,128,5,18,19,0.754697674,0.846666667,0.436736842,0.2964,2,5,3,2,97.356,5.08,8.298,5.928,3,0.25,12,0,-1,1,Lc
489,62,7,14,6,2,16,14,10,3,35,53,0.832,0.274,1.083583333,0.24187037,4,4,5,4,9.152,1.096,39.009,13.061,4.25,0.25,29,0,-1,1,Lc
490,62,8,16,15,6,2,6,78,6,1,12,0.917417722,0.317428571,0.575,0.784076923,2,2,3,2,72.476,2.222,1.15,10.193,2.25,0.5,15,0,-1,1,Lc
491,62,9,17,20,4,18,14,117,5,46,38,0.779169492,0.242833333,0.546638298,0.637512821,4,4,5,4,91.942,1.457,25.692,24.863,4.25,0.5,29,0,-1,1,Lc
492,62,9,18,7,8,3,18,17,11,2,46,0.836,1.75425,0.485666667,0.859425532,2,3,3,3,15.048,21.051,1.457,40.393,2.75,0.5,20,0,-1,1,Lc
493,63,1,1,20,11,13,12,458,70,51,62,0.329039216,0.170619718,0.133269231,0.184746032,4,5,6,6,151.029,12.114,6.93,11.639,5.25,0.25,21,0,-1,0,Lc
494,63,2,3,20,3,8,17,152,4,10,133,0.330411765,0.3246,0.326090909,0.241432836,4,3,4,5,50.553,1.623,3.587,32.352,4,0.25,16,0,-1,0,Lc
495,63,2,4,20,5,7,18,151,7,7,81,0.335098684,0.346375,0.26475,0.325585366,3,3,3,5,50.935,2.771,2.118,26.698,3.5,0.25,23,0,-1,0,Lc
496,63,4,7,20,9,7,12,71,14,12,39,0.489208333,0.4052,0.317846154,0.2558,3,3,3,4,35.223,6.078,4.132,10.232,3.25,0.5,22,0,-1,0,Lc
497,63,6,12,20,6,16,12,117,8,24,23,0.417084746,0.221444444,1.01252,0.380333333,6,6,6,6,49.216,1.993,25.313,9.128,6,0.75,72,0,-1,1,Lc
498,63,7,13,20,17,5,5,142,33,4,5,0.392902098,0.505705882,0.386,0.342,3,2,2,2,56.185,17.194,1.93,2.052,2.25,0.75,15,0,-1,1,Lc
499,63,9,17,20,2,19,9,69,1,42,27,0.707028571,0.487,0.565325581,0.255535714,6,6,2,3,49.492,0.974,24.309,7.155,4.25,0.25,17,0,-1,1,Lc
500,63,9,18,17,5,10,9,43,5,14,10,0.424386364,0.272,0.912,0.668090909,6,6,6,4,18.673,1.632,13.68,7.349,5.5,0.25,40,0,-1,1,Lc
501,63,11,21,20,9,18,6,86,14,49,13,0.39037931,0.6028,0.34538,0.659928571,6,6,6,4,33.963,9.042,17.269,9.239,5.5,0.5,40,0,-1,1,Lc
502,63,11,22,20,4,15,3,78,4,41,3,0.336531646,0.1998,0.491095238,0.87175,6,6,5,6,26.586,0.999,20.626,3.487,5.75,0.5,41,0,-1,1,Lc
503,64,1,1,20,3,18,10,71,2,36,24,1.195638889,0.697666667,0.990783784,0.55832,3,3,3,3,86.086,2.093,36.659,13.958,3,0.5,36,0,-1,0,Lc
504,64,1,2,19,4,7,4,87,7,15,4,0.757306818,0.382375,0.9531875,0.6068,2,2,3,3,66.643,3.059,15.251,3.034,2.5,0.5,10,0,-1,0,Lc
505,64,2,3,13,4,10,16,84,4,28,39,0.310952941,0.3914,0.677965517,0.5362,2,2,2,5,26.431,1.957,19.661,21.448,2.75,0.5,17,0,-1,0,Lc
506,64,2,4,19,7,11,15,112,11,24,43,0.537185841,0.55325,0.49412,0.469318182,6,6,6,5,60.702,6.639,12.353,20.65,5.75,0.5,41,0,-1,0,Lc
507,64,3,5,18,5,8,5,161,4,20,6,0.337265432,0.279,0.622,0.452142857,4,4,6,4,54.637,1.395,13.062,3.165,4.5,0.75,30,0,-1,0,Lc
508,64,3,6,16,2,5,2,95,3,5,1,0.4753125,0.86975,0.260666667,1.637,2,2,2,2,45.63,3.479,1.564,3.274,2,0.75,24,0,-1,0,Lc
509,64,4,7,20,6,15,7,79,9,42,17,0.742725,0.3257,0.331488372,0.465277778,6,6,3,2,59.418,3.257,14.254,8.375,4.25,0.5,17,0,-1,0,Lc
510,64,4,8,18,3,11,19,106,18,75,47,0.437514019,0.239736842,0.339184211,0.440479167,6,6,6,6,46.814,4.555,25.778,21.143,6,0.5,72,0,-1,0,Lc
511,64,5,9,13,5,15,12,34,6,27,21,0.552714286,0.190714286,1.236892857,0.798454545,4,4,6,5,19.345,1.335,34.633,17.566,4.75,0.25,19,0,-1,0,Lc
512,64,5,10,20,3,12,11,93,2,25,26,0.548510638,0.435,0.730576923,0.660444444,5,5,5,2,51.56,1.305,18.995,17.832,4.25,0.25,32,0,-1,0,Lc
513,64,6,11,20,11,7,16,106,27,14,69,0.609280374,0.350464286,0.949066667,0.349257143,5,5,5,2,65.193,9.813,14.236,24.448,4.25,0.5,32,0,-1,1,Lc
514,64,6,12,20,5,4,12,92,6,10,46,0.689021505,0.371285714,0.675545455,0.637170213,6,6,6,5,64.079,2.599,7.431,29.947,5.75,0.5,41,0,-1,1,Lc
515,64,7,13,19,6,11,7,166,9,20,20,0.480826347,0.1858,0.50447619,0.521619048,3,3,3,5,80.298,1.858,10.594,10.954,3.5,0.5,23,0,-1,1,Lc
516,64,7,14,20,4,6,12,82,4,5,21,0.675566265,0.5996,0.7895,0.473363636,4,4,4,5,56.072,2.998,4.737,10.414,4.25,0.5,29,0,-1,1,Lc
517,64,8,15,15,4,3,10,72,3,2,26,0.370863014,0.5455,0.483333333,0.66062963,3,3,3,4,27.073,2.182,1.45,17.837,3.25,0.25,22,0,-1,1,Lc
518,64,8,16,20,9,19,4,88,13,89,3,0.650955056,0.449142857,0.423644444,0.576,5,5,2,4,57.935,6.288,38.128,2.304,4,0.25,16,0,-1,1,Lc
519,64,9,17,20,8,2,13,139,22,4,28,0.519592857,0.253,0.503,0.373689655,2,2,2,6,72.743,5.819,2.515,10.837,3,0.5,18,0,-1,1,Lc
520,64,9,18,20,7,19,7,147,8,52,16,0.48227027,0.813333333,0.747433962,0.184352941,4,4,5,4,71.376,7.32,39.614,3.134,4.25,0.5,29,0,-1,1,Lc
521,64,10,19,20,3,15,9,329,4,49,52,0.232339394,0.2898,0.2723,0.229754717,5,5,2,5,76.672,1.449,13.615,12.177,4.25,0.5,32,0,-1,1,Lc
522,64,10,20,18,2,14,14,74,2,83,35,0.576666667,0.474666667,0.219059524,0.393555556,5,5,6,5,43.25,1.424,18.401,14.168,5.25,0.5,36,0,-1,1,Lc
523,64,11,21,18,11,13,5,116,20,38,11,0.580512821,0.793619048,0.684897436,0.86,5,5,4,6,67.92,16.666,26.711,10.32,5,0.25,20,0,-1,1,Lc
524,64,11,22,17,3,11,7,74,3,20,11,0.662226667,0.3345,0.735428571,0.5365,2,2,2,5,49.667,1.338,15.444,6.438,2.75,0.25,17,0,-1,1,Lc
525,64,12,23,12,20,6,20,49,73,6,94,0.58008,0.510135135,0.281142857,0.525094737,2,6,6,6,29.004,37.75,1.968,49.884,5,0.5,38,0,-1,1,Lc
526,64,12,24,12,5,4,12,34,6,5,89,0.603914286,0.585714286,0.388833333,0.360777778,4,2,4,4,21.137,4.1,2.333,32.47,3.5,0.5,26,0,-1,1,Lc
